time,time_s,VCU_INV_Direction_Command,VCU_INV_Inverter_Discharge,VCU_INV_Inverter_Enable,VCU_INV_RollingCounter,VCU_INV_Speed_Command,VCU_INV_Speed_Mode_Enable,VCU_INV_Torque_Command,VCU_INV_Torque_Limit_Command
2026-08-22T22:21:27.736Z,0.0,0,0,0,0,0,0,0.0,0.0
2026-08-22T22:21:27.747Z,0.011,0,0,0,1,0,0,0.0,0.0
2026-08-22T22:21:27.752Z,0.016,0,0,0,2,0,0,0.0,0.0
2026-08-22T22:21:27.768Z,0.032,0,0,0,3,0,0,0.0,0.0
2026-08-22T22:21:27.778Z,0.042,0,0,0,4,0,0,0.0,0.0
2026-08-22T22:21:27.781Z,0.045,0,0,0,5,0,0,0.0,0.0
2026-08-22T22:21:27.795Z,0.059,0,0,0,0,0,0,0.0,0.0
2026-08-22T22:21:27.804Z,0.068,0,0,0,1,0,0,0.0,0.0
2026-08-22T22:21:27.822Z,0.086,0,0,0,2,0,0,0.0,0.0
2026-08-22T22:21:27.835Z,0.099,0,0,0,3,0,0,0.0,0.0
2026-08-22T22:21:27.842Z,0.106,0,0,0,4,0,0,0.0,0.0
2026-08-22T22:21:27.845Z,0.109,0,0,0,5,0,0,0.0,0.0
2026-08-22T22:21:27.856Z,0.12,0,0,0,0,0,0,0.0,0.0
2026-08-22T22:21:27.862Z,0.126,0,0,0,1,0,0,0.0,0.0
2026-08-22T22:21:27.878Z,0.142,0,0,0,2,0,0,0.0,0.0
2026-08-22T22:21:27.889Z,0.153,0,0,0,3,0,0,0.0,0.0
2026-08-22T22:21:27.893Z,0.157,0,0,0,4,0,0,0.0,0.0
2026-08-22T22:21:27.908Z,0.172,0,0,0,5,0,0,0.0,0.0
2026-08-22T22:21:27.917Z,0.181,0,0,0,0,0,0,0.0,0.0
2026-08-22T22:21:27.935Z,0.199,0,0,0,1,0,0,0.0,0.0
2026-08-22T22:21:27.935Z,0.199,0,0,0,2,0,0,0.0,0.0
2026-08-22T22:21:27.948Z,0.212,0,0,0,3,0,0,0.0,0.0
2026-08-22T22:21:27.968Z,0.232,0,0,0,4,0,0,0.0,0.0
2026-08-22T22:21:27.968Z,0.232,0,0,0,5,0,0,0.0,0.0
2026-08-22T22:21:27.979Z,0.243,0,0,0,0,0,0,0.0,0.0
2026-08-22T22:21:28.000Z,0.264,0,0,0,1,0,0,0.0,0.0
2026-08-22T22:21:28.000Z,0.264,0,0,0,2,0,0,0.0,0.0
2026-08-22T22:21:28.011Z,0.275,0,0,0,3,0,0,0.0,0.0
2026-08-22T22:21:28.032Z,0.296,0,0,0,4,0,0,0.0,0.0
2026-08-22T22:21:28.032Z,0.296,0,0,0,5,0,0,0.0,0.0
2026-08-22T22:21:28.042Z,0.306,0,0,0,0,0,0,0.0,0.0
2026-08-22T22:21:28.063Z,0.327,0,0,0,1,0,0,0.0,0.0
2026-08-22T22:21:28.063Z,0.327,0,0,0,2,0,0,0.0,0.0
2026-08-22T22:21:28.074Z,0.338,0,0,0,3,0,0,0.0,0.0
2026-08-22T22:21:28.079Z,0.343,0,0,0,4,0,0,0.0,0.0
2026-08-22T22:21:28.095Z,0.359,0,0,0,5,0,0,0.0,0.0
2026-08-22T22:21:28.105Z,0.369,0,0,0,0,0,0,0.0,0.0
2026-08-22T22:21:28.126Z,0.39,0,0,0,1,0,0,0.0,0.0
2026-08-22T22:21:28.126Z,0.39,0,0,0,2,0,0,0.0,0.0
2026-08-22T22:21:28.137Z,0.401,0,0,0,3,0,0,0.0,0.0
2026-08-22T22:21:28.157Z,0.421,0,0,0,4,0,0,0.0,0.0
2026-08-22T22:21:28.157Z,0.421,0,0,0,5,0,0,0.0,0.0
2026-08-22T22:21:28.169Z,0.433,0,0,0,0,0,0,0.0,0.0
2026-08-22T22:21:28.174Z,0.438,0,0,0,1,0,0,0.0,0.0
2026-08-22T22:21:28.190Z,0.454,0,0,0,2,0,0,0.0,0.0
2026-08-22T22:21:28.200Z,0.464,0,0,0,3,0,0,0.0,0.0
2026-08-22T22:21:28.205Z,0.469,0,0,0,4,0,0,0.0,0.0
2026-08-22T22:21:28.219Z,0.483,0,0,0,5,0,0,0.0,0.0
2026-08-22T22:21:28.228Z,0.492,0,0,0,0,0,0,0.0,0.0
2026-08-22T22:21:28.248Z,0.512,0,0,0,1,0,0,0.0,0.0
2026-08-22T22:21:28.248Z,0.512,0,0,0,2,0,0,0.0,0.0
2026-08-22T22:21:28.258Z,0.522,0,0,0,3,0,0,0.0,0.0
2026-08-22T22:21:28.279Z,0.543,0,0,0,4,0,0,0.0,0.0
2026-08-22T22:21:28.279Z,0.543,0,0,0,5,0,0,0.0,0.0
2026-08-22T22:21:28.289Z,0.553,0,0,0,0,0,0,0.0,0.0
2026-08-22T22:21:28.310Z,0.574,0,0,0,1,0,0,0.0,0.0
2026-08-22T22:21:28.310Z,0.574,0,0,0,2,0,0,0.0,0.0
2026-08-22T22:21:28.320Z,0.584,0,0,0,3,0,0,0.0,0.0
2026-08-22T22:21:28.341Z,0.605,0,0,0,4,0,0,0.0,0.0
2026-08-22T22:21:28.341Z,0.605,0,0,0,5,0,0,0.0,0.0
2026-08-22T22:21:28.352Z,0.616,0,0,0,0,0,0,0.0,0.0
2026-08-22T22:21:28.372Z,0.636,0,0,0,1,0,0,0.0,0.0
2026-08-22T22:21:28.372Z,0.636,0,0,0,2,0,0,0.0,0.0
2026-08-22T22:21:28.383Z,0.647,0,0,0,3,0,0,0.0,0.0
2026-08-22T22:21:28.404Z,0.668,0,0,0,4,0,0,0.0,0.0
2026-08-22T22:21:28.404Z,0.668,0,0,0,5,0,0,0.0,0.0
2026-08-22T22:21:28.415Z,0.679,0,0,0,0,0,0,0.0,0.0
2026-08-22T22:21:28.436Z,0.7,0,0,0,1,0,0,0.0,0.0
2026-08-22T22:21:28.436Z,0.7,0,0,0,2,0,0,0.0,0.0
2026-08-22T22:21:28.447Z,0.711,0,0,0,3,0,0,0.0,0.0
2026-08-22T22:21:28.468Z,0.732,0,0,0,4,0,0,0.0,0.0
2026-08-22T22:21:28.468Z,0.732,0,0,0,5,0,0,0.0,0.0
2026-08-22T22:21:28.479Z,0.743,0,0,0,0,0,0,0.0,0.0
2026-08-22T22:21:28.500Z,0.764,0,0,0,1,0,0,0.0,0.0
2026-08-22T22:21:28.500Z,0.764,0,0,0,2,0,0,0.0,0.0
2026-08-22T22:21:28.510Z,0.774,0,0,0,3,0,0,0.0,0.0
2026-08-22T22:21:28.531Z,0.795,0,0,0,4,0,0,0.0,0.0
2026-08-22T22:21:28.531Z,0.795,0,0,0,5,0,0,0.0,0.0
2026-08-22T22:21:28.542Z,0.806,0,0,0,0,0,0,0.0,0.0
2026-08-22T22:21:28.562Z,0.826,0,0,0,1,0,0,0.0,0.0
2026-08-22T22:21:28.562Z,0.826,0,0,0,2,0,0,0.0,0.0
2026-08-22T22:21:28.573Z,0.837,0,0,0,3,0,0,0.0,0.0
2026-08-22T22:21:28.593Z,0.857,0,0,0,4,0,0,0.0,0.0
2026-08-22T22:21:28.593Z,0.857,0,0,0,5,0,0,0.0,0.0
2026-08-22T22:21:28.604Z,0.868,0,0,0,0,0,0,0.0,0.0
2026-08-22T22:21:28.625Z,0.889,0,0,0,1,0,0,0.0,0.0
2026-08-22T22:21:28.625Z,0.889,0,0,0,2,0,0,0.0,0.0
2026-08-22T22:21:28.636Z,0.9,0,0,0,3,0,0,0.0,0.0
2026-08-22T22:21:28.656Z,0.92,0,0,0,4,0,0,0.0,0.0
2026-08-22T22:21:28.656Z,0.92,0,0,0,5,0,0,0.0,0.0
2026-08-22T22:21:28.667Z,0.931,0,0,0,0,0,0,0.0,0.0
2026-08-22T22:21:28.688Z,0.952,0,0,0,1,0,0,0.0,0.0
2026-08-22T22:21:28.688Z,0.952,0,0,0,2,0,0,0.0,0.0
2026-08-22T22:21:28.698Z,0.962,0,0,0,3,0,0,0.0,0.0
2026-08-22T22:21:28.719Z,0.983,0,0,0,4,0,0,0.0,0.0
2026-08-22T22:21:28.719Z,0.983,0,0,0,5,0,0,0.0,0.0
2026-08-22T22:21:28.730Z,0.994,0,0,0,0,0,0,0.0,0.0
2026-08-22T22:21:28.750Z,1.014,0,0,0,1,0,0,0.0,0.0
2026-08-22T22:21:28.750Z,1.014,0,0,0,2,0,0,0.0,0.0
2026-08-22T22:21:28.761Z,1.025,0,0,0,3,0,0,0.0,0.0
2026-08-22T22:21:28.782Z,1.046,0,0,0,4,0,0,0.0,0.0
2026-08-22T22:21:28.782Z,1.046,0,0,0,5,0,0,0.0,0.0
2026-08-22T22:21:28.792Z,1.056,0,0,0,0,0,0,0.0,0.0
2026-08-22T22:21:28.813Z,1.077,0,0,0,1,0,0,0.0,0.0
2026-08-22T22:21:28.813Z,1.077,0,0,0,2,0,0,0.0,0.0
2026-08-22T22:21:28.824Z,1.088,0,0,0,3,0,0,0.0,0.0
2026-08-22T22:21:28.844Z,1.108,0,0,0,4,0,0,0.0,0.0
2026-08-22T22:21:28.844Z,1.108,0,0,0,5,0,0,0.0,0.0
2026-08-22T22:21:28.855Z,1.119,0,0,0,0,0,0,0.0,0.0
2026-08-22T22:21:28.876Z,1.14,0,0,0,1,0,0,0.0,0.0
2026-08-22T22:21:28.876Z,1.14,0,0,0,2,0,0,0.0,0.0
2026-08-22T22:21:28.887Z,1.151,0,0,0,3,0,0,0.0,0.0
2026-08-22T22:21:28.908Z,1.172,0,0,0,4,0,0,0.0,0.0
2026-08-22T22:21:28.908Z,1.172,0,0,0,5,0,0,0.0,0.0
2026-08-22T22:21:28.919Z,1.183,0,0,0,0,0,0,0.0,0.0
2026-08-22T22:21:28.924Z,1.188,0,0,0,1,0,0,0.0,0.0
2026-08-22T22:21:28.940Z,1.204,0,0,0,2,0,0,0.0,0.0
2026-08-22T22:21:28.949Z,1.213,0,0,0,3,0,0,0.0,0.0
2026-08-22T22:21:28.954Z,1.218,0,0,0,4,0,0,0.0,0.0
2026-08-22T22:21:28.969Z,1.233,0,0,0,5,0,0,0.0,0.0
2026-08-22T22:21:28.978Z,1.242,0,0,0,0,0,0,0.0,0.0
2026-08-22T22:21:28.996Z,1.26,0,0,0,1,0,0,0.0,0.0
2026-08-22T22:21:28.996Z,1.26,0,0,0,2,0,0,0.0,0.0
2026-08-22T22:21:29.007Z,1.271,0,0,0,3,0,0,0.0,0.0
2026-08-22T22:21:29.027Z,1.291,0,0,0,4,0,0,0.0,0.0
2026-08-22T22:21:29.027Z,1.291,0,0,0,5,0,0,0.0,0.0
2026-08-22T22:21:29.038Z,1.302,0,0,0,0,0,0,0.0,0.0
2026-08-22T22:21:29.058Z,1.322,0,0,0,1,0,0,0.0,0.0
2026-08-22T22:21:29.058Z,1.322,0,0,0,2,0,0,0.0,0.0
2026-08-22T22:21:29.069Z,1.333,0,0,0,3,0,0,0.0,0.0
2026-08-22T22:21:29.090Z,1.354,0,0,0,4,0,0,0.0,0.0
2026-08-22T22:21:29.105Z,1.369,0,0,0,5,0,0,0.0,0.0
2026-08-22T22:21:29.115Z,1.379,0,0,0,0,0,0,0.0,0.0
2026-08-22T22:21:29.118Z,1.382,0,0,0,1,0,0,0.0,0.0
2026-08-22T22:21:29.132Z,1.396,0,0,0,2,0,0,0.0,0.0
2026-08-22T22:21:29.141Z,1.405,0,0,0,3,0,0,0.0,0.0
2026-08-22T22:21:29.143Z,1.407,0,0,0,4,0,0,0.0,0.0
2026-08-22T22:21:29.156Z,1.42,0,0,0,5,0,0,0.0,0.0
2026-08-22T22:21:29.163Z,1.427,0,0,0,0,0,0,0.0,0.0
2026-08-22T22:21:29.179Z,1.443,0,0,0,1,0,0,0.0,0.0
2026-08-22T22:21:29.191Z,1.455,0,0,0,2,0,0,0.0,0.0
2026-08-22T22:21:29.196Z,1.46,0,0,0,3,0,0,0.0,0.0
2026-08-22T22:21:29.213Z,1.477,0,0,0,4,0,0,0.0,0.0
2026-08-22T22:21:29.224Z,1.488,0,0,0,5,0,0,0.0,0.0
2026-08-22T22:21:29.228Z,1.492,0,0,0,0,0,0,0.0,0.0
2026-08-22T22:21:29.243Z,1.507,0,0,0,1,0,0,0.0,0.0
2026-08-22T22:21:29.251Z,1.515,0,0,0,2,0,0,0.0,0.0
2026-08-22T22:21:29.255Z,1.519,0,0,0,3,0,0,0.0,0.0
2026-08-22T22:21:29.269Z,1.533,0,0,0,4,0,0,0.0,0.0
2026-08-22T22:21:29.277Z,1.541,0,0,0,5,0,0,0.0,0.0
2026-08-22T22:21:29.295Z,1.559,0,0,0,0,0,0,0.0,0.0
2026-08-22T22:21:29.295Z,1.559,0,0,0,1,0,0,0.0,0.0
2026-08-22T22:21:29.306Z,1.57,0,0,0,2,0,0,0.0,0.0
2026-08-22T22:21:29.326Z,1.59,0,0,0,3,0,0,0.0,0.0
2026-08-22T22:21:29.326Z,1.59,0,0,0,4,0,0,0.0,0.0
2026-08-22T22:21:29.336Z,1.6,0,0,0,5,0,0,0.0,0.0
2026-08-22T22:21:29.357Z,1.621,0,0,0,0,0,0,0.0,0.0
2026-08-22T22:21:29.357Z,1.621,0,0,0,1,0,0,0.0,0.0
2026-08-22T22:21:29.368Z,1.632,0,0,0,2,0,0,0.0,0.0
2026-08-22T22:21:29.389Z,1.653,0,0,0,3,0,0,0.0,0.0
2026-08-22T22:21:29.389Z,1.653,0,0,0,4,0,0,0.0,0.0
2026-08-22T22:21:29.400Z,1.664,0,0,0,5,0,0,0.0,0.0
2026-08-22T22:21:29.421Z,1.685,0,0,0,0,0,0,0.0,0.0
2026-08-22T22:21:29.422Z,1.686,0,0,0,1,0,0,0.0,0.0
2026-08-22T22:21:29.432Z,1.696,0,0,0,2,0,0,0.0,0.0
2026-08-22T22:21:29.452Z,1.716,0,0,0,3,0,0,0.0,0.0
2026-08-22T22:21:29.452Z,1.716,0,0,0,4,0,0,0.0,0.0
2026-08-22T22:21:29.464Z,1.728,0,0,0,5,0,0,0.0,0.0
2026-08-22T22:21:29.485Z,1.749,0,0,0,0,0,0,0.0,0.0
2026-08-22T22:21:29.485Z,1.749,0,0,0,1,0,0,0.0,0.0
2026-08-22T22:21:29.496Z,1.76,0,0,0,2,0,0,0.0,0.0
2026-08-22T22:21:29.516Z,1.78,0,0,0,3,0,0,0.0,0.0
2026-08-22T22:21:29.516Z,1.78,0,0,0,4,0,0,0.0,0.0
2026-08-22T22:21:29.527Z,1.791,0,0,0,5,0,0,0.0,0.0
2026-08-22T22:21:29.548Z,1.812,0,0,0,0,0,0,0.0,0.0
2026-08-22T22:21:29.548Z,1.812,0,0,0,1,0,0,0.0,0.0
2026-08-22T22:21:29.558Z,1.822,0,0,0,2,0,0,0.0,0.0
2026-08-22T22:21:29.563Z,1.827,0,0,0,3,0,0,0.0,0.0
2026-08-22T22:21:29.577Z,1.841,0,0,0,4,0,0,0.0,0.0
2026-08-22T22:21:29.587Z,1.851,0,0,0,5,0,0,0.0,0.0
2026-08-22T22:21:29.606Z,1.87,0,0,0,0,0,0,0.0,0.0
2026-08-22T22:21:29.606Z,1.87,0,0,0,1,0,0,0.0,0.0
2026-08-22T22:21:29.617Z,1.881,0,0,0,2,0,0,0.0,0.0
2026-08-22T22:21:29.638Z,1.902,0,0,0,3,0,0,0.0,0.0
2026-08-22T22:21:29.638Z,1.902,0,0,0,4,0,0,0.0,0.0
2026-08-22T22:21:29.648Z,1.912,0,0,0,5,0,0,0.0,0.0
2026-08-22T22:21:29.668Z,1.932,0,0,0,0,0,0,0.0,0.0
2026-08-22T22:21:29.668Z,1.932,0,0,0,1,0,0,0.0,0.0
2026-08-22T22:21:29.679Z,1.943,0,0,0,2,0,0,0.0,0.0
2026-08-22T22:21:29.700Z,1.964,0,0,0,3,0,0,0.0,0.0
2026-08-22T22:21:29.700Z,1.964,0,0,0,4,0,0,0.0,0.0
2026-08-22T22:21:29.711Z,1.975,0,0,0,5,0,0,0.0,0.0
2026-08-22T22:21:29.732Z,1.996,0,0,0,0,0,0,0.0,0.0
2026-08-22T22:21:29.732Z,1.996,0,0,0,1,0,0,0.0,0.0
2026-08-22T22:21:29.742Z,2.006,0,0,0,2,0,0,0.0,0.0
2026-08-22T22:21:29.763Z,2.027,0,0,0,3,0,0,0.0,0.0
2026-08-22T22:21:29.763Z,2.027,0,0,0,4,0,0,0.0,0.0
2026-08-22T22:21:29.774Z,2.038,0,0,0,5,0,0,0.0,0.0
2026-08-22T22:21:29.794Z,2.058,0,0,0,0,0,0,0.0,0.0
2026-08-22T22:21:29.794Z,2.058,0,0,0,1,0,0,0.0,0.0
2026-08-22T22:21:29.805Z,2.069,0,0,0,2,0,0,0.0,0.0
2026-08-22T22:21:29.825Z,2.089,0,0,0,3,0,0,0.0,0.0
2026-08-22T22:21:29.825Z,2.089,0,0,0,4,0,0,0.0,0.0
2026-08-22T22:21:29.836Z,2.1,0,0,0,5,0,0,0.0,0.0
2026-08-22T22:21:29.856Z,2.12,0,0,0,0,0,0,0.0,0.0
2026-08-22T22:21:29.856Z,2.12,0,0,0,1,0,0,0.0,0.0
2026-08-22T22:21:29.867Z,2.131,0,0,0,2,0,0,0.0,0.0
2026-08-22T22:21:29.888Z,2.152,0,0,0,3,0,0,0.0,0.0
2026-08-22T22:21:29.888Z,2.152,0,0,0,4,0,0,0.0,0.0
2026-08-22T22:21:29.899Z,2.163,0,0,0,5,0,0,0.0,0.0
2026-08-22T22:21:29.920Z,2.184,0,0,0,0,0,0,0.0,0.0
2026-08-22T22:21:29.920Z,2.184,0,0,0,1,0,0,0.0,0.0
2026-08-22T22:21:29.931Z,2.195,0,0,0,2,0,0,0.0,0.0
2026-08-22T22:21:29.952Z,2.216,0,0,0,3,0,0,0.0,0.0
2026-08-22T22:21:29.952Z,2.216,0,0,0,4,0,0,0.0,0.0
2026-08-22T22:21:29.963Z,2.227,0,0,0,5,0,0,0.0,0.0
2026-08-22T22:21:29.984Z,2.248,0,0,0,0,0,0,0.0,0.0
2026-08-22T22:21:29.984Z,2.248,0,0,0,1,0,0,0.0,0.0
2026-08-22T22:21:29.995Z,2.259,0,0,0,2,0,0,0.0,0.0
2026-08-22T22:21:30.016Z,2.28,0,0,0,3,0,0,0.0,0.0
2026-08-22T22:21:30.016Z,2.28,0,0,0,4,0,0,0.0,0.0
2026-08-22T22:21:30.026Z,2.29,0,0,0,5,0,0,0.0,0.0
2026-08-22T22:21:30.047Z,2.311,0,0,0,0,0,0,0.0,0.0
2026-08-22T22:21:30.047Z,2.311,0,0,0,1,0,0,0.0,0.0
2026-08-22T22:21:30.058Z,2.322,0,0,0,2,0,0,0.0,0.0
2026-08-22T22:21:30.078Z,2.342,0,0,0,3,0,0,0.0,0.0
2026-08-22T22:21:30.078Z,2.342,0,0,0,4,0,0,0.0,0.0
2026-08-22T22:21:30.089Z,2.353,0,0,0,5,0,0,0.0,0.0
2026-08-22T22:21:30.110Z,2.374,0,0,0,0,0,0,0.0,0.0
2026-08-22T22:21:30.110Z,2.374,0,0,0,1,0,0,0.0,0.0
2026-08-22T22:21:30.121Z,2.385,0,0,0,2,0,0,0.0,0.0
2026-08-22T22:21:30.127Z,2.391,0,0,0,3,0,0,0.0,0.0
2026-08-22T22:21:30.143Z,2.407,0,0,0,4,0,0,0.0,0.0
2026-08-22T22:21:30.152Z,2.416,0,0,0,5,0,0,0.0,0.0
2026-08-22T22:21:30.157Z,2.421,0,0,0,0,0,0,0.0,0.0
2026-08-22T22:21:30.170Z,2.434,0,0,0,1,0,0,0.0,0.0
2026-08-22T22:21:30.179Z,2.443,0,0,0,2,0,0,0.0,0.0
2026-08-22T22:21:30.198Z,2.462,0,0,0,3,0,0,0.0,0.0
2026-08-22T22:21:30.211Z,2.475,0,0,0,4,0,0,0.0,0.0
2026-08-22T22:21:30.218Z,2.482,0,0,0,5,0,0,0.0,0.0
2026-08-22T22:21:30.220Z,2.484,0,0,0,0,0,0,0.0,0.0
2026-08-22T22:21:30.232Z,2.496,0,0,0,1,0,0,0.0,0.0
2026-08-22T22:21:30.237Z,2.501,0,0,0,2,0,0,0.0,0.0
2026-08-22T22:21:30.253Z,2.517,0,0,0,3,0,0,0.0,0.0
2026-08-22T22:21:30.264Z,2.528,0,0,0,4,0,0,0.0,0.0
2026-08-22T22:21:30.268Z,2.532,0,0,0,5,0,0,0.0,0.0
2026-08-22T22:21:30.283Z,2.547,0,0,0,0,0,0,0.0,0.0
2026-08-22T22:21:30.292Z,2.556,0,0,0,1,0,0,0.0,0.0
2026-08-22T22:21:30.310Z,2.574,0,0,0,2,0,0,0.0,0.0
2026-08-22T22:21:30.310Z,2.574,0,0,0,3,0,0,0.0,0.0
2026-08-22T22:21:30.321Z,2.585,0,0,0,4,0,0,0.0,0.0
2026-08-22T22:21:30.342Z,2.606,0,0,0,5,0,0,0.0,0.0
2026-08-22T22:21:30.342Z,2.606,0,0,0,0,0,0,0.0,0.0
2026-08-22T22:21:30.354Z,2.618,0,0,0,1,0,0,0.0,0.0
2026-08-22T22:21:30.374Z,2.638,0,0,0,2,0,0,0.0,0.0
2026-08-22T22:21:30.374Z,2.638,0,0,0,3,0,0,0.0,0.0
2026-08-22T22:21:30.385Z,2.649,0,0,0,4,0,0,0.0,0.0
2026-08-22T22:21:30.406Z,2.67,0,0,0,5,0,0,0.0,0.0
2026-08-22T22:21:30.406Z,2.67,0,0,0,0,0,0,0.0,0.0
2026-08-22T22:21:30.417Z,2.681,0,0,0,1,0,0,0.0,0.0
2026-08-22T22:21:30.437Z,2.701,0,0,0,2,0,0,0.0,0.0
2026-08-22T22:21:30.437Z,2.701,0,0,0,3,0,0,0.0,0.0
2026-08-22T22:21:30.448Z,2.712,0,0,0,4,0,0,0.0,0.0
2026-08-22T22:21:30.468Z,2.732,0,0,0,5,0,0,0.0,0.0
2026-08-22T22:21:30.468Z,2.732,0,0,0,0,0,0,0.0,0.0
2026-08-22T22:21:30.479Z,2.743,0,0,0,1,0,0,0.0,0.0
2026-08-22T22:21:30.500Z,2.764,0,0,0,2,0,0,0.0,0.0
2026-08-22T22:21:30.500Z,2.764,0,0,0,3,0,0,0.0,0.0
2026-08-22T22:21:30.511Z,2.775,0,0,0,4,0,0,0.0,0.0
2026-08-22T22:21:30.531Z,2.795,0,0,0,5,0,0,0.0,0.0
2026-08-22T22:21:30.531Z,2.795,0,0,0,0,0,0,0.0,0.0
2026-08-22T22:21:30.542Z,2.806,0,0,0,1,0,0,0.0,0.0
2026-08-22T22:21:30.563Z,2.827,0,0,0,2,0,0,0.0,0.0
2026-08-22T22:21:30.563Z,2.827,0,0,0,3,0,0,0.0,0.0
2026-08-22T22:21:30.573Z,2.837,0,0,0,4,0,0,0.0,0.0
2026-08-22T22:21:30.594Z,2.858,0,0,0,5,0,0,0.0,0.0
2026-08-22T22:21:30.594Z,2.858,0,0,0,0,0,0,0.0,0.0
2026-08-22T22:21:30.605Z,2.869,0,0,0,1,0,0,0.0,0.0
2026-08-22T22:21:30.625Z,2.889,0,0,0,2,0,0,0.0,0.0
2026-08-22T22:21:30.625Z,2.889,0,0,0,3,0,0,0.0,0.0
2026-08-22T22:21:30.636Z,2.9,0,0,0,4,0,0,0.0,0.0
2026-08-22T22:21:30.657Z,2.921,0,0,0,5,0,0,0.0,0.0
2026-08-22T22:21:30.657Z,2.921,0,0,0,0,0,0,0.0,0.0
2026-08-22T22:21:30.668Z,2.932,0,0,0,1,0,0,0.0,0.0
2026-08-22T22:21:30.674Z,2.938,0,0,0,2,0,0,0.0,0.0
2026-08-22T22:21:30.690Z,2.954,0,0,0,3,0,0,0.0,0.0
2026-08-22T22:21:30.699Z,2.963,0,0,0,4,0,0,0.0,0.0
2026-08-22T22:21:30.704Z,2.968,0,0,0,5,0,0,0.0,0.0
2026-08-22T22:21:30.718Z,2.982,0,0,0,0,0,0,0.0,0.0
2026-08-22T22:21:30.727Z,2.991,0,0,0,1,0,0,0.0,0.0
2026-08-22T22:21:30.746Z,3.01,0,0,0,2,0,0,0.0,0.0
2026-08-22T22:21:30.758Z,3.022,0,0,0,3,0,0,0.0,0.0
2026-08-22T22:21:30.766Z,3.03,0,0,0,4,0,0,0.0,0.0
2026-08-22T22:21:30.768Z,3.032,0,0,0,5,0,0,0.0,0.0
2026-08-22T22:21:30.780Z,3.044,0,0,0,0,0,0,0.0,0.0
2026-08-22T22:21:30.786Z,3.05,0,0,0,1,0,0,0.0,0.0
2026-08-22T22:21:30.801Z,3.065,0,0,0,2,0,0,0.0,0.0
2026-08-22T22:21:30.812Z,3.076,0,0,0,3,0,0,0.0,0.0
2026-08-22T22:21:30.817Z,3.081,0,0,0,4,0,0,0.0,0.0
2026-08-22T22:21:30.831Z,3.095,0,0,0,5,0,0,0.0,0.0
2026-08-22T22:21:30.841Z,3.105,0,0,0,0,0,0,0.0,0.0
2026-08-22T22:21:30.845Z,3.109,0,0,0,1,0,0,0.0,0.0
2026-08-22T22:21:30.859Z,3.123,0,0,0,2,0,0,0.0,0.0
2026-08-22T22:21:30.866Z,3.13,0,0,0,3,0,0,0.0,0.0
2026-08-22T22:21:30.884Z,3.148,0,0,0,4,0,0,0.0,0.0
2026-08-22T22:21:30.897Z,3.161,0,0,0,5,0,0,0.0,0.0
2026-08-22T22:21:30.903Z,3.167,0,0,0,0,0,0,0.0,0.0
2026-08-22T22:21:30.904Z,3.168,0,0,0,1,0,0,0.0,0.0
2026-08-22T22:21:30.915Z,3.179,0,0,0,2,0,0,0.0,0.0
2026-08-22T22:21:30.935Z,3.199,0,0,0,3,0,0,0.0,0.0
2026-08-22T22:21:30.935Z,3.199,0,0,0,4,0,0,0.0,0.0
2026-08-22T22:21:30.946Z,3.21,0,0,0,5,0,0,0.0,0.0
2026-08-22T22:21:30.967Z,3.231,0,0,0,0,0,0,0.0,0.0
2026-08-22T22:21:30.967Z,3.231,0,0,0,1,0,0,0.0,0.0
2026-08-22T22:21:30.978Z,3.242,0,0,0,2,0,0,0.0,0.0
2026-08-22T22:21:30.998Z,3.262,0,0,0,3,0,0,0.0,0.0
2026-08-22T22:21:30.998Z,3.262,0,0,0,4,0,0,0.0,0.0
2026-08-22T22:21:31.009Z,3.273,0,0,0,5,0,0,0.0,0.0
2026-08-22T22:21:31.030Z,3.294,0,0,0,0,0,0,0.0,0.0
2026-08-22T22:21:31.030Z,3.294,0,0,0,1,0,0,0.0,0.0
2026-08-22T22:21:31.041Z,3.305,0,0,0,2,0,0,0.0,0.0
2026-08-22T22:21:31.061Z,3.325,0,0,0,3,0,0,0.0,0.0
2026-08-22T22:21:31.061Z,3.325,0,0,0,4,0,0,0.0,0.0
2026-08-22T22:21:31.072Z,3.336,0,0,0,5,0,0,0.0,0.0
2026-08-22T22:21:31.093Z,3.357,0,0,0,0,0,0,0.0,0.0
2026-08-22T22:21:31.093Z,3.357,0,0,0,1,0,0,0.0,0.0
2026-08-22T22:21:31.103Z,3.367,0,0,0,2,0,0,0.0,0.0
2026-08-22T22:21:31.124Z,3.388,0,0,0,3,0,0,0.0,0.0
2026-08-22T22:21:31.124Z,3.388,0,0,0,4,0,0,0.0,0.0
2026-08-22T22:21:31.134Z,3.398,0,0,0,5,0,0,0.0,0.0
2026-08-22T22:21:31.155Z,3.419,0,0,0,0,0,0,0.0,0.0
2026-08-22T22:21:31.155Z,3.419,0,0,0,1,0,0,0.0,0.0
2026-08-22T22:21:31.166Z,3.43,0,0,0,2,0,0,0.0,0.0
2026-08-22T22:21:31.187Z,3.451,0,0,0,3,0,0,0.0,0.0
2026-08-22T22:21:31.188Z,3.452,0,0,0,4,0,0,0.0,0.0
2026-08-22T22:21:31.198Z,3.462,0,0,0,5,0,0,0.0,0.0
2026-08-22T22:21:31.219Z,3.483,0,0,0,0,0,0,0.0,0.0
2026-08-22T22:21:31.219Z,3.483,0,0,0,1,0,0,0.0,0.0
2026-08-22T22:21:31.230Z,3.494,0,0,0,2,0,0,0.0,0.0
2026-08-22T22:21:31.250Z,3.514,0,0,0,3,0,0,0.0,0.0
2026-08-22T22:21:31.250Z,3.514,0,0,0,4,0,0,0.0,0.0
2026-08-22T22:21:31.261Z,3.525,0,0,0,5,0,0,0.0,0.0
2026-08-22T22:21:31.282Z,3.546,0,0,0,0,0,0,0.0,0.0
2026-08-22T22:21:31.282Z,3.546,0,0,0,1,0,0,0.0,0.0
2026-08-22T22:21:31.292Z,3.556,0,0,0,2,0,0,0.0,0.0
2026-08-22T22:21:31.313Z,3.577,0,0,0,3,0,0,0.0,0.0
2026-08-22T22:21:31.313Z,3.577,0,0,0,4,0,0,0.0,0.0
2026-08-22T22:21:31.324Z,3.588,0,0,0,5,0,0,0.0,0.0
2026-08-22T22:21:31.345Z,3.609,0,0,0,0,0,0,0.0,0.0
2026-08-22T22:21:31.345Z,3.609,0,0,0,1,0,0,0.0,0.0
2026-08-22T22:21:31.356Z,3.62,0,0,0,2,0,0,0.0,0.0
2026-08-22T22:21:31.361Z,3.625,0,0,0,3,0,0,0.0,0.0
2026-08-22T22:21:31.375Z,3.639,0,0,0,4,0,0,0.0,0.0
2026-08-22T22:21:31.385Z,3.649,0,0,0,5,0,0,0.0,0.0
2026-08-22T22:21:31.405Z,3.669,0,0,0,0,0,0,0.0,0.0
2026-08-22T22:21:31.405Z,3.669,0,0,0,1,0,0,0.0,0.0
2026-08-22T22:21:31.416Z,3.68,0,0,0,2,0,0,0.0,0.0
2026-08-22T22:21:31.436Z,3.7,0,0,0,3,0,0,0.0,0.0
2026-08-22T22:21:31.436Z,3.7,0,0,0,4,0,0,0.0,0.0
2026-08-22T22:21:31.447Z,3.711,0,0,0,5,0,0,0.0,0.0
2026-08-22T22:21:31.468Z,3.732,0,0,0,0,0,0,0.0,0.0
2026-08-22T22:21:31.468Z,3.732,0,0,0,1,0,0,0.0,0.0
2026-08-22T22:21:31.479Z,3.743,0,0,0,2,0,0,0.0,0.0
2026-08-22T22:21:31.499Z,3.763,0,0,0,3,0,0,0.0,0.0
2026-08-22T22:21:31.499Z,3.763,0,0,0,4,0,0,0.0,0.0
2026-08-22T22:21:31.510Z,3.774,0,0,0,5,0,0,0.0,0.0
2026-08-22T22:21:31.531Z,3.795,0,0,0,0,0,0,0.0,0.0
2026-08-22T22:21:31.532Z,3.796,0,0,0,1,0,0,0.0,0.0
2026-08-22T22:21:31.542Z,3.806,0,0,0,2,0,0,0.0,0.0
2026-08-22T22:21:31.563Z,3.827,0,0,0,3,0,0,0.0,0.0
2026-08-22T22:21:31.563Z,3.827,0,0,0,4,0,0,0.0,0.0
2026-08-22T22:21:31.574Z,3.838,0,0,0,5,0,0,0.0,0.0
2026-08-22T22:21:31.595Z,3.859,0,0,0,0,0,0,0.0,0.0
2026-08-22T22:21:31.595Z,3.859,0,0,0,1,0,0,0.0,0.0
2026-08-22T22:21:31.606Z,3.87,0,0,0,2,0,0,0.0,0.0
2026-08-22T22:21:31.611Z,3.875,0,0,0,3,0,0,0.0,0.0
2026-08-22T22:21:31.625Z,3.889,0,0,0,4,0,0,0.0,0.0
2026-08-22T22:21:31.635Z,3.899,0,0,0,5,0,0,0.0,0.0
2026-08-22T22:21:31.654Z,3.918,0,0,0,0,0,0,0.0,0.0
2026-08-22T22:21:31.654Z,3.918,0,0,0,1,0,0,0.0,0.0
2026-08-22T22:21:31.665Z,3.929,0,0,0,2,0,0,0.0,0.0
2026-08-22T22:21:31.685Z,3.949,0,0,0,3,0,0,0.0,0.0
2026-08-22T22:21:31.685Z,3.949,0,0,0,4,0,0,0.0,0.0
2026-08-22T22:21:31.696Z,3.96,0,0,0,5,0,0,0.0,0.0
2026-08-22T22:21:31.717Z,3.981,0,0,0,0,0,0,0.0,0.0
2026-08-22T22:21:31.717Z,3.981,0,0,0,1,0,0,0.0,0.0
2026-08-22T22:21:31.728Z,3.992,0,0,0,2,0,0,0.0,0.0
2026-08-22T22:21:31.749Z,4.013,0,0,0,3,0,0,0.0,0.0
2026-08-22T22:21:31.749Z,4.013,0,0,0,4,0,0,0.0,0.0
2026-08-22T22:21:31.760Z,4.024,0,0,0,5,0,0,0.0,0.0
2026-08-22T22:21:31.780Z,4.044,0,0,0,0,0,0,0.0,0.0
2026-08-22T22:21:31.780Z,4.044,0,0,0,1,0,0,0.0,0.0
2026-08-22T22:21:31.791Z,4.055,0,0,0,2,0,0,0.0,0.0
2026-08-22T22:21:31.812Z,4.076,0,0,0,3,0,0,0.0,0.0
2026-08-22T22:21:31.812Z,4.076,0,0,0,4,0,0,0.0,0.0
2026-08-22T22:21:31.823Z,4.087,0,0,0,5,0,0,0.0,0.0
2026-08-22T22:21:31.843Z,4.107,0,0,0,0,0,0,0.0,0.0
2026-08-22T22:21:31.844Z,4.108,0,0,0,1,0,0,0.0,0.0
2026-08-22T22:21:31.855Z,4.119,0,0,0,2,0,0,0.0,0.0
2026-08-22T22:21:31.876Z,4.14,0,0,0,3,0,0,0.0,0.0
2026-08-22T22:21:31.876Z,4.14,0,0,0,4,0,0,0.0,0.0
2026-08-22T22:21:31.887Z,4.151,0,0,0,5,0,0,0.0,0.0
2026-08-22T22:21:31.907Z,4.171,0,0,0,0,0,0,0.0,0.0
2026-08-22T22:21:31.907Z,4.171,0,0,0,1,0,0,0.0,0.0
2026-08-22T22:21:31.918Z,4.182,0,0,0,2,0,0,0.0,0.0
2026-08-22T22:21:31.924Z,4.188,0,0,0,3,0,0,0.0,0.0
2026-08-22T22:21:31.939Z,4.203,0,0,0,4,0,0,0.0,0.0
2026-08-22T22:21:31.949Z,4.213,0,0,0,5,0,0,0.0,0.0
2026-08-22T22:21:31.969Z,4.233,0,0,0,0,0,0,0.0,0.0
2026-08-22T22:21:31.970Z,4.234,0,0,0,1,0,0,0.0,0.0
2026-08-22T22:21:31.980Z,4.244,0,0,0,2,0,0,0.0,0.0
2026-08-22T22:21:32.001Z,4.265,0,0,0,3,0,0,0.0,0.0
2026-08-22T22:21:32.001Z,4.265,0,0,0,4,0,0,0.0,0.0
2026-08-22T22:21:32.011Z,4.275,0,0,0,5,0,0,0.0,0.0
2026-08-22T22:21:32.032Z,4.296,0,0,0,0,0,0,0.0,0.0
2026-08-22T22:21:32.032Z,4.296,0,0,0,1,0,0,0.0,0.0
2026-08-22T22:21:32.043Z,4.307,0,0,0,2,0,0,0.0,0.0
2026-08-22T22:21:32.063Z,4.327,0,0,0,3,0,0,0.0,0.0
2026-08-22T22:21:32.063Z,4.327,0,0,0,4,0,0,0.0,0.0
2026-08-22T22:21:32.074Z,4.338,0,0,0,5,0,0,0.0,0.0
2026-08-22T22:21:32.080Z,4.344,0,0,0,0,0,0,0.0,0.0
2026-08-22T22:21:32.095Z,4.359,0,0,0,1,0,0,0.0,0.0
2026-08-22T22:21:32.105Z,4.369,0,0,0,2,0,0,0.0,0.0
2026-08-22T22:21:32.125Z,4.389,0,0,0,3,0,0,0.0,0.0
2026-08-22T22:21:32.125Z,4.389,0,0,0,4,0,0,0.0,0.0
2026-08-22T22:21:32.135Z,4.399,0,0,0,5,0,0,0.0,0.0
2026-08-22T22:21:32.156Z,4.42,0,0,0,0,0,0,0.0,0.0
2026-08-22T22:21:32.156Z,4.42,0,0,0,1,0,0,0.0,0.0
2026-08-22T22:21:32.166Z,4.43,0,0,0,2,0,0,0.0,0.0
2026-08-22T22:21:32.187Z,4.451,0,0,0,3,0,0,0.0,0.0
2026-08-22T22:21:32.187Z,4.451,0,0,0,4,0,0,0.0,0.0
2026-08-22T22:21:32.198Z,4.462,0,0,0,5,0,0,0.0,0.0
2026-08-22T22:21:32.218Z,4.482,0,0,0,0,0,0,0.0,0.0
2026-08-22T22:21:32.218Z,4.482,0,0,0,1,0,0,0.0,0.0
2026-08-22T22:21:32.229Z,4.493,0,0,0,2,0,0,0.0,0.0
2026-08-22T22:21:32.251Z,4.515,0,0,0,3,0,0,0.0,0.0
2026-08-22T22:21:32.251Z,4.515,0,0,0,4,0,0,0.0,0.0
2026-08-22T22:21:32.262Z,4.526,0,0,0,5,0,0,0.0,0.0
2026-08-22T22:21:32.282Z,4.546,0,0,0,0,0,0,0.0,0.0
2026-08-22T22:21:32.282Z,4.546,0,0,0,1,0,0,0.0,0.0
2026-08-22T22:21:32.293Z,4.557,0,0,0,2,0,0,0.0,0.0
2026-08-22T22:21:32.298Z,4.562,0,0,0,3,0,0,0.0,0.0
2026-08-22T22:21:32.314Z,4.578,0,0,0,4,0,0,0.0,0.0
2026-08-22T22:21:32.323Z,4.587,0,0,0,5,0,0,0.0,0.0
2026-08-22T22:21:32.343Z,4.607,0,0,0,0,0,0,0.0,0.0
2026-08-22T22:21:32.343Z,4.607,0,0,0,1,0,0,0.0,0.0
2026-08-22T22:21:32.354Z,4.618,0,0,0,2,0,0,0.0,0.0
2026-08-22T22:21:32.375Z,4.639,0,0,0,3,0,0,0.0,0.0
2026-08-22T22:21:32.375Z,4.639,0,0,0,4,0,0,0.0,0.0
2026-08-22T22:21:32.386Z,4.65,0,0,0,5,0,0,0.0,0.0
2026-08-22T22:21:32.406Z,4.67,0,0,0,0,0,0,0.0,0.0
2026-08-22T22:21:32.406Z,4.67,0,0,0,1,0,0,0.0,0.0
2026-08-22T22:21:32.417Z,4.681,0,0,0,2,0,0,0.0,0.0
2026-08-22T22:21:32.437Z,4.701,0,0,0,3,0,0,0.0,0.0
2026-08-22T22:21:32.437Z,4.701,0,0,0,4,0,0,0.0,0.0
2026-08-22T22:21:32.448Z,4.712,0,0,0,5,0,0,0.0,0.0
2026-08-22T22:21:32.469Z,4.733,0,0,0,0,0,0,0.0,0.0
2026-08-22T22:21:32.469Z,4.733,0,0,0,1,0,0,0.0,0.0
2026-08-22T22:21:32.480Z,4.744,0,0,0,2,0,0,0.0,0.0
2026-08-22T22:21:32.500Z,4.764,0,0,0,3,0,0,0.0,0.0
2026-08-22T22:21:32.500Z,4.764,0,0,0,4,0,0,0.0,0.0
2026-08-22T22:21:32.511Z,4.775,0,0,0,5,0,0,0.0,0.0
2026-08-22T22:21:32.532Z,4.796,0,0,0,0,0,0,0.0,0.0
2026-08-22T22:21:32.532Z,4.796,0,0,0,1,0,0,0.0,0.0
2026-08-22T22:21:32.542Z,4.806,0,0,0,2,0,0,0.0,0.0
2026-08-22T22:21:32.563Z,4.827,0,0,0,3,0,0,0.0,0.0
2026-08-22T22:21:32.563Z,4.827,0,0,0,4,0,0,0.0,0.0
2026-08-22T22:21:32.573Z,4.837,0,0,0,5,0,0,0.0,0.0
2026-08-22T22:21:32.594Z,4.858,0,0,0,0,0,0,0.0,0.0
2026-08-22T22:21:32.594Z,4.858,0,0,0,1,0,0,0.0,0.0
2026-08-22T22:21:32.605Z,4.869,0,0,0,2,0,0,0.0,0.0
2026-08-22T22:21:32.626Z,4.89,0,0,0,3,0,0,0.0,0.0
2026-08-22T22:21:32.626Z,4.89,0,0,0,4,0,0,0.0,0.0
2026-08-22T22:21:32.637Z,4.901,0,0,0,5,0,0,0.0,0.0
2026-08-22T22:21:32.641Z,4.905,0,0,0,0,0,0,0.0,0.0
2026-08-22T22:21:32.656Z,4.92,0,0,0,1,0,0,0.0,0.0
2026-08-22T22:21:32.665Z,4.929,0,0,0,2,0,0,0.0,0.0
2026-08-22T22:21:32.683Z,4.947,0,0,0,3,0,0,0.0,0.0
2026-08-22T22:21:32.684Z,4.948,0,0,0,4,0,0,0.0,0.0
2026-08-22T22:21:32.695Z,4.959,0,0,0,5,0,0,0.0,0.0
2026-08-22T22:21:32.716Z,4.98,0,0,0,0,0,0,0.0,0.0
2026-08-22T22:21:32.716Z,4.98,0,0,0,1,0,0,0.0,0.0
2026-08-22T22:21:32.727Z,4.991,0,0,0,2,0,0,0.0,0.0
2026-08-22T22:21:32.747Z,5.011,0,0,0,3,0,0,0.0,0.0
2026-08-22T22:21:32.748Z,5.012,0,0,0,4,0,0,0.0,0.0
2026-08-22T22:21:32.759Z,5.023,0,0,0,5,0,0,0.0,0.0
2026-08-22T22:21:32.780Z,5.044,0,0,0,0,0,0,0.0,0.0
2026-08-22T22:21:32.780Z,5.044,0,0,0,1,0,0,0.0,0.0
2026-08-22T22:21:32.790Z,5.054,0,0,0,2,0,0,0.0,0.0
2026-08-22T22:21:32.811Z,5.075,0,0,0,3,0,0,0.0,0.0
2026-08-22T22:21:32.811Z,5.075,0,0,0,4,0,0,0.0,0.0
2026-08-22T22:21:32.821Z,5.085,0,0,0,5,0,0,0.0,0.0
2026-08-22T22:21:32.842Z,5.106,0,0,0,0,0,0,0.0,0.0
2026-08-22T22:21:32.842Z,5.106,0,0,0,1,0,0,0.0,0.0
2026-08-22T22:21:32.853Z,5.117,0,0,0,2,0,0,0.0,0.0
2026-08-22T22:21:32.874Z,5.138,0,0,0,3,0,0,0.0,0.0
2026-08-22T22:21:32.874Z,5.138,0,0,0,4,0,0,0.0,0.0
2026-08-22T22:21:32.885Z,5.149,0,0,0,5,0,0,0.0,0.0
2026-08-22T22:21:32.906Z,5.17,0,0,0,0,0,0,0.0,0.0
2026-08-22T22:21:32.906Z,5.17,0,0,0,1,0,0,0.0,0.0
2026-08-22T22:21:32.917Z,5.181,0,0,0,2,0,0,0.0,0.0
2026-08-22T22:21:32.937Z,5.201,0,0,0,3,0,0,0.0,0.0
2026-08-22T22:21:32.937Z,5.201,0,0,0,4,0,0,0.0,0.0
2026-08-22T22:21:32.948Z,5.212,0,0,0,5,0,0,0.0,0.0
2026-08-22T22:21:32.969Z,5.233,0,0,0,0,0,0,0.0,0.0
2026-08-22T22:21:32.970Z,5.234,0,0,0,1,0,0,0.0,0.0
2026-08-22T22:21:32.980Z,5.244,0,0,0,2,0,0,0.0,0.0
2026-08-22T22:21:33.001Z,5.265,0,0,0,3,0,0,0.0,0.0
2026-08-22T22:21:33.001Z,5.265,0,0,0,4,0,0,0.0,0.0
2026-08-22T22:21:33.012Z,5.276,0,0,0,5,0,0,0.0,0.0
2026-08-22T22:21:33.032Z,5.296,0,0,0,0,0,0,0.0,0.0
2026-08-22T22:21:33.032Z,5.296,0,0,0,1,0,0,0.0,0.0
2026-08-22T22:21:33.043Z,5.307,0,0,0,2,0,0,0.0,0.0
2026-08-22T22:21:33.049Z,5.313,0,0,0,3,0,0,0.0,0.0
2026-08-22T22:21:33.064Z,5.328,0,0,0,4,0,0,0.0,0.0
2026-08-22T22:21:33.074Z,5.338,0,0,0,5,0,0,0.0,0.0
2026-08-22T22:21:33.093Z,5.357,0,0,0,0,0,0,0.0,0.0
2026-08-22T22:21:33.093Z,5.357,0,0,0,1,0,0,0.0,0.0
2026-08-22T22:21:33.104Z,5.368,0,0,0,2,0,0,0.0,0.0
2026-08-22T22:21:33.124Z,5.388,0,0,0,3,0,0,0.0,0.0
2026-08-22T22:21:33.124Z,5.388,0,0,0,4,0,0,0.0,0.0
2026-08-22T22:21:33.135Z,5.399,0,0,0,5,0,0,0.0,0.0
2026-08-22T22:21:33.156Z,5.42,0,0,0,0,0,0,0.0,0.0
2026-08-22T22:21:33.156Z,5.42,0,0,0,1,0,0,0.0,0.0
2026-08-22T22:21:33.166Z,5.43,0,0,0,2,0,0,0.0,0.0
2026-08-22T22:21:33.187Z,5.451,0,0,0,3,0,0,0.0,0.0
2026-08-22T22:21:33.187Z,5.451,0,0,0,4,0,0,0.0,0.0
2026-08-22T22:21:33.198Z,5.462,0,0,0,5,0,0,0.0,0.0
2026-08-22T22:21:33.218Z,5.482,0,0,0,0,0,0,0.0,0.0
2026-08-22T22:21:33.218Z,5.482,0,0,0,1,0,0,0.0,0.0
2026-08-22T22:21:33.228Z,5.492,0,0,0,2,0,0,0.0,0.0
2026-08-22T22:21:33.249Z,5.513,0,0,0,3,0,0,0.0,0.0
2026-08-22T22:21:33.249Z,5.513,0,0,0,4,0,0,0.0,0.0
2026-08-22T22:21:33.260Z,5.524,0,0,0,5,0,0,0.0,0.0
2026-08-22T22:21:33.280Z,5.544,0,0,0,0,0,0,0.0,0.0
2026-08-22T22:21:33.280Z,5.544,0,0,0,1,0,0,0.0,0.0
2026-08-22T22:21:33.291Z,5.555,0,0,0,2,0,0,0.0,0.0
2026-08-22T22:21:33.312Z,5.576,0,0,0,3,0,0,0.0,0.0
2026-08-22T22:21:33.312Z,5.576,0,0,0,4,0,0,0.0,0.0
2026-08-22T22:21:33.322Z,5.586,0,0,0,5,0,0,0.0,0.0
2026-08-22T22:21:33.343Z,5.607,0,0,0,0,0,0,0.0,0.0
2026-08-22T22:21:33.343Z,5.607,0,0,0,1,0,0,0.0,0.0
2026-08-22T22:21:33.353Z,5.617,0,0,0,2,0,0,0.0,0.0
2026-08-22T22:21:33.374Z,5.638,0,0,0,3,0,0,0.0,0.0
2026-08-22T22:21:33.374Z,5.638,0,0,0,4,0,0,0.0,0.0
2026-08-22T22:21:33.385Z,5.649,0,0,0,5,0,0,0.0,0.0
2026-08-22T22:21:33.406Z,5.67,0,0,0,0,0,0,0.0,0.0
2026-08-22T22:21:33.406Z,5.67,0,0,0,1,0,0,0.0,0.0
2026-08-22T22:21:33.416Z,5.68,0,0,0,2,0,0,0.0,0.0
2026-08-22T22:21:33.437Z,5.701,0,0,0,3,0,0,0.0,0.0
2026-08-22T22:21:33.437Z,5.701,0,0,0,4,0,0,0.0,0.0
2026-08-22T22:21:33.448Z,5.712,0,0,0,5,0,0,0.0,0.0
2026-08-22T22:21:33.468Z,5.732,0,0,0,0,0,0,0.0,0.0
2026-08-22T22:21:33.468Z,5.732,0,0,0,1,0,0,0.0,0.0
2026-08-22T22:21:33.478Z,5.742,0,0,0,2,0,0,0.0,0.0
2026-08-22T22:21:33.499Z,5.763,0,0,0,3,0,0,0.0,0.0
2026-08-22T22:21:33.499Z,5.763,0,0,0,4,0,0,0.0,0.0
2026-08-22T22:21:33.509Z,5.773,0,0,0,5,0,0,0.0,0.0
2026-08-22T22:21:33.530Z,5.794,0,0,0,0,0,0,0.0,0.0
2026-08-22T22:21:33.530Z,5.794,0,0,0,1,0,0,0.0,0.0
2026-08-22T22:21:33.541Z,5.805,0,0,0,2,0,0,0.0,0.0
2026-08-22T22:21:33.562Z,5.826,0,0,0,3,0,0,0.0,0.0
2026-08-22T22:21:33.562Z,5.826,0,0,0,4,0,0,0.0,0.0
2026-08-22T22:21:33.573Z,5.837,0,0,0,5,0,0,0.0,0.0
2026-08-22T22:21:33.593Z,5.857,0,0,0,0,0,0,0.0,0.0
2026-08-22T22:21:33.594Z,5.858,0,0,0,1,0,0,0.0,0.0
2026-08-22T22:21:33.605Z,5.869,0,0,0,2,0,0,0.0,0.0
2026-08-22T22:21:33.625Z,5.889,0,0,0,3,0,0,0.0,0.0
2026-08-22T22:21:33.626Z,5.89,0,0,0,4,0,0,0.0,0.0
2026-08-22T22:21:33.637Z,5.901,0,0,0,5,0,0,0.0,0.0
2026-08-22T22:21:33.641Z,5.905,0,0,0,0,0,0,0.0,0.0
2026-08-22T22:21:33.656Z,5.92,0,0,0,1,0,0,0.0,0.0
2026-08-22T22:21:33.664Z,5.928,0,0,0,2,0,0,0.0,0.0
2026-08-22T22:21:33.683Z,5.947,0,0,0,3,0,0,0.0,0.0
2026-08-22T22:21:33.697Z,5.961,0,0,0,4,0,0,0.0,0.0
2026-08-22T22:21:33.705Z,5.969,0,0,0,5,0,0,0.0,0.0
2026-08-22T22:21:33.708Z,5.972,0,0,0,0,0,0,0.0,0.0
2026-08-22T22:21:33.720Z,5.984,0,0,0,1,0,0,0.0,0.0
2026-08-22T22:21:33.727Z,5.991,0,0,0,2,0,0,0.0,0.0
2026-08-22T22:21:33.744Z,6.008,0,0,0,3,0,0,0.0,0.0
2026-08-22T22:21:33.754Z,6.018,0,0,0,4,0,0,0.0,0.0
2026-08-22T22:21:33.760Z,6.024,0,0,0,5,0,0,0.0,0.0
2026-08-22T22:21:33.776Z,6.04,0,0,0,0,0,0,0.0,0.0
2026-08-22T22:21:33.785Z,6.049,0,0,0,1,0,0,0.0,0.0
2026-08-22T22:21:33.789Z,6.053,0,0,0,2,0,0,0.0,0.0
2026-08-22T22:21:33.802Z,6.066,0,0,0,3,0,0,0.0,0.0
2026-08-22T22:21:33.811Z,6.075,0,0,0,4,0,0,0.0,0.0
2026-08-22T22:21:33.814Z,6.078,0,0,0,5,0,0,0.0,0.0
2026-08-22T22:21:33.827Z,6.091,0,0,0,0,0,0,0.0,0.0
2026-08-22T22:21:33.834Z,6.098,0,0,0,1,0,0,0.0,0.0
2026-08-22T22:21:33.852Z,6.116,0,0,0,2,0,0,0.0,0.0
2026-08-22T22:21:33.864Z,6.128,0,0,0,3,0,0,0.0,0.0
2026-08-22T22:21:33.870Z,6.134,0,0,0,4,0,0,0.0,0.0
2026-08-22T22:21:33.885Z,6.149,0,0,0,5,0,0,0.0,0.0
2026-08-22T22:21:33.896Z,6.16,0,0,0,0,0,0,0.0,0.0
2026-08-22T22:21:33.901Z,6.165,0,0,0,1,0,0,0.0,0.0
2026-08-22T22:21:33.915Z,6.179,0,0,0,2,0,0,0.0,0.0
2026-08-22T22:21:33.924Z,6.188,0,0,0,3,0,0,0.0,0.0
2026-08-22T22:21:33.928Z,6.192,0,0,0,4,0,0,0.0,0.0
2026-08-22T22:21:33.941Z,6.205,0,0,0,5,0,0,0.0,0.0
2026-08-22T22:21:33.949Z,6.213,0,0,0,0,0,0,0.0,0.0
2026-08-22T22:21:33.966Z,6.23,0,0,0,1,0,0,0.0,0.0
2026-08-22T22:21:33.967Z,6.231,0,0,0,2,0,0,0.0,0.0
2026-08-22T22:21:33.977Z,6.241,0,0,0,3,0,0,0.0,0.0
2026-08-22T22:21:33.998Z,6.262,0,0,0,4,0,0,0.0,0.0
2026-08-22T22:21:33.998Z,6.262,0,0,0,5,0,0,0.0,0.0
2026-08-22T22:21:34.009Z,6.273,0,0,0,0,0,0,0.0,0.0
2026-08-22T22:21:34.029Z,6.293,0,0,0,1,0,0,0.0,0.0
2026-08-22T22:21:34.029Z,6.293,0,0,0,2,0,0,0.0,0.0
2026-08-22T22:21:34.040Z,6.304,0,0,0,3,0,0,0.0,0.0
2026-08-22T22:21:34.061Z,6.325,0,0,0,4,0,0,0.0,0.0
2026-08-22T22:21:34.061Z,6.325,0,0,0,5,0,0,0.0,0.0
2026-08-22T22:21:34.072Z,6.336,0,0,0,0,0,0,0.0,0.0
2026-08-22T22:21:34.092Z,6.356,0,0,0,1,0,0,0.0,0.0
2026-08-22T22:21:34.092Z,6.356,0,0,0,2,0,0,0.0,0.0
2026-08-22T22:21:34.103Z,6.367,0,0,0,3,0,0,0.0,0.0
2026-08-22T22:21:34.124Z,6.388,0,0,0,4,0,0,0.0,0.0
2026-08-22T22:21:34.124Z,6.388,0,0,0,5,0,0,0.0,0.0
2026-08-22T22:21:34.134Z,6.398,0,0,0,0,0,0,0.0,0.0
2026-08-22T22:21:34.155Z,6.419,0,0,0,1,0,0,0.0,0.0
2026-08-22T22:21:34.155Z,6.419,0,0,0,2,0,0,0.0,0.0
2026-08-22T22:21:34.166Z,6.43,0,0,0,3,0,0,0.0,0.0
2026-08-22T22:21:34.187Z,6.451,0,0,0,4,0,0,0.0,0.0
2026-08-22T22:21:34.187Z,6.451,0,0,0,5,0,0,0.0,0.0
2026-08-22T22:21:34.198Z,6.462,0,0,0,0,0,0,0.0,0.0
2026-08-22T22:21:34.218Z,6.482,0,0,0,1,0,0,0.0,0.0
2026-08-22T22:21:34.218Z,6.482,0,0,0,2,0,0,0.0,0.0
2026-08-22T22:21:34.229Z,6.493,0,0,0,3,0,0,0.0,0.0
2026-08-22T22:21:34.249Z,6.513,0,0,0,4,0,0,0.0,0.0
2026-08-22T22:21:34.249Z,6.513,0,0,0,5,0,0,0.0,0.0
2026-08-22T22:21:34.260Z,6.524,0,0,0,0,0,0,0.0,0.0
2026-08-22T22:21:34.281Z,6.545,0,0,0,1,0,0,0.0,0.0
2026-08-22T22:21:34.281Z,6.545,0,0,0,2,0,0,0.0,0.0
2026-08-22T22:21:34.292Z,6.556,0,0,0,3,0,0,0.0,0.0
2026-08-22T22:21:34.313Z,6.577,0,0,0,4,0,0,0.0,0.0
2026-08-22T22:21:34.313Z,6.577,0,0,0,5,0,0,0.0,0.0
2026-08-22T22:21:34.324Z,6.588,0,0,0,0,0,0,0.0,0.0
2026-08-22T22:21:34.344Z,6.608,0,0,0,1,0,0,0.0,0.0
2026-08-22T22:21:34.344Z,6.608,0,0,0,2,0,0,0.0,0.0
2026-08-22T22:21:34.355Z,6.619,0,0,0,3,0,0,0.0,0.0
2026-08-22T22:21:34.376Z,6.64,0,0,0,4,0,0,0.0,0.0
2026-08-22T22:21:34.376Z,6.64,0,0,0,5,0,0,0.0,0.0
2026-08-22T22:21:34.386Z,6.65,0,0,0,0,0,0,0.0,0.0
2026-08-22T22:21:34.407Z,6.671,0,0,0,1,0,0,0.0,0.0
2026-08-22T22:21:34.407Z,6.671,0,0,0,2,0,0,0.0,0.0
2026-08-22T22:21:34.418Z,6.682,0,0,0,3,0,0,0.0,0.0
2026-08-22T22:21:34.438Z,6.702,0,0,0,4,0,0,0.0,0.0
2026-08-22T22:21:34.438Z,6.702,0,0,0,5,0,0,0.0,0.0
2026-08-22T22:21:34.449Z,6.713,0,0,0,0,0,0,0.0,0.0
2026-08-22T22:21:34.455Z,6.719,0,0,0,1,0,0,0.0,0.0
2026-08-22T22:21:34.471Z,6.735,0,0,0,2,0,0,0.0,0.0
2026-08-22T22:21:34.480Z,6.744,0,0,0,3,0,0,0.0,0.0
2026-08-22T22:21:34.499Z,6.763,0,0,0,4,0,0,0.0,0.0
2026-08-22T22:21:34.499Z,6.763,0,0,0,5,0,0,0.0,0.0
2026-08-22T22:21:34.511Z,6.775,0,0,0,0,0,0,0.0,0.0
2026-08-22T22:21:34.531Z,6.795,0,0,0,1,0,0,0.0,0.0
2026-08-22T22:21:34.531Z,6.795,0,0,0,2,0,0,0.0,0.0
2026-08-22T22:21:34.542Z,6.806,0,0,0,3,0,0,0.0,0.0
2026-08-22T22:21:34.563Z,6.827,0,0,0,4,0,0,0.0,0.0
2026-08-22T22:21:34.563Z,6.827,0,0,0,5,0,0,0.0,0.0
2026-08-22T22:21:34.575Z,6.839,0,0,0,0,0,0,0.0,0.0
2026-08-22T22:21:34.580Z,6.844,0,0,0,1,0,0,0.0,0.0
2026-08-22T22:21:34.596Z,6.86,0,0,0,2,0,0,0.0,0.0
2026-08-22T22:21:34.605Z,6.869,0,0,0,3,0,0,0.0,0.0
2026-08-22T22:21:34.625Z,6.889,0,0,0,4,0,0,0.0,0.0
2026-08-22T22:21:34.625Z,6.889,0,0,0,5,0,0,0.0,0.0
2026-08-22T22:21:34.635Z,6.899,0,0,0,0,0,0,0.0,0.0
2026-08-22T22:21:34.656Z,6.92,0,0,0,1,0,0,0.0,0.0
2026-08-22T22:21:34.656Z,6.92,0,0,0,2,0,0,0.0,0.0
2026-08-22T22:21:34.667Z,6.931,0,0,0,3,0,0,0.0,0.0
2026-08-22T22:21:34.688Z,6.952,0,0,0,4,0,0,0.0,0.0
2026-08-22T22:21:34.688Z,6.952,0,0,0,5,0,0,0.0,0.0
2026-08-22T22:21:34.698Z,6.962,0,0,0,0,0,0,0.0,0.0
2026-08-22T22:21:34.719Z,6.983,0,0,0,1,0,0,0.0,0.0
2026-08-22T22:21:34.719Z,6.983,0,0,0,2,0,0,0.0,0.0
2026-08-22T22:21:34.730Z,6.994,0,0,0,3,0,0,0.0,0.0
2026-08-22T22:21:34.751Z,7.015,0,0,0,4,0,0,0.0,0.0
2026-08-22T22:21:34.751Z,7.015,0,0,0,5,0,0,0.0,0.0
2026-08-22T22:21:34.762Z,7.026,0,0,0,0,0,0,0.0,0.0
2026-08-22T22:21:34.782Z,7.046,0,0,0,1,0,0,0.0,0.0
2026-08-22T22:21:34.782Z,7.046,0,0,0,2,0,0,0.0,0.0
2026-08-22T22:21:34.794Z,7.058,0,0,0,3,0,0,0.0,0.0
2026-08-22T22:21:34.800Z,7.064,0,0,0,4,0,0,0.0,0.0
2026-08-22T22:21:34.815Z,7.079,0,0,0,5,0,0,0.0,0.0
2026-08-22T22:21:34.825Z,7.089,0,0,0,0,0,0,0.0,0.0
2026-08-22T22:21:34.829Z,7.093,0,0,0,1,0,0,0.0,0.0
2026-08-22T22:21:34.844Z,7.108,0,0,0,2,0,0,0.0,0.0
2026-08-22T22:21:34.853Z,7.117,0,0,0,3,0,0,0.0,0.0
2026-08-22T22:21:34.871Z,7.135,0,0,0,4,0,0,0.0,0.0
2026-08-22T22:21:34.871Z,7.135,0,0,0,5,0,0,0.0,0.0
2026-08-22T22:21:34.883Z,7.147,0,0,0,0,0,0,0.0,0.0
2026-08-22T22:21:34.903Z,7.167,0,0,0,1,0,0,0.0,0.0
2026-08-22T22:21:34.903Z,7.167,0,0,0,2,0,0,0.0,0.0
2026-08-22T22:21:34.914Z,7.178,0,0,0,3,0,0,0.0,0.0
2026-08-22T22:21:34.935Z,7.199,0,0,0,4,0,0,0.0,0.0
2026-08-22T22:21:34.935Z,7.199,0,0,0,5,0,0,0.0,0.0
2026-08-22T22:21:34.946Z,7.21,0,0,0,0,0,0,0.0,0.0
2026-08-22T22:21:34.966Z,7.23,0,0,0,1,0,0,0.0,0.0
2026-08-22T22:21:34.967Z,7.231,0,0,0,2,0,0,0.0,0.0
2026-08-22T22:21:34.977Z,7.241,0,0,0,3,0,0,0.0,0.0
2026-08-22T22:21:34.998Z,7.262,0,0,0,4,0,0,0.0,0.0
2026-08-22T22:21:34.998Z,7.262,0,0,0,5,0,0,0.0,0.0
2026-08-22T22:21:35.009Z,7.273,0,0,0,0,0,0,0.0,0.0
2026-08-22T22:21:35.029Z,7.293,0,0,0,1,0,0,0.0,0.0
2026-08-22T22:21:35.029Z,7.293,0,0,0,2,0,0,0.0,0.0
2026-08-22T22:21:35.040Z,7.304,0,0,0,3,0,0,0.0,0.0
2026-08-22T22:21:35.061Z,7.325,0,0,0,4,0,0,0.0,0.0
2026-08-22T22:21:35.061Z,7.325,0,0,0,5,0,0,0.0,0.0
2026-08-22T22:21:35.071Z,7.335,0,0,0,0,0,0,0.0,0.0
2026-08-22T22:21:35.092Z,7.356,0,0,0,1,0,0,0.0,0.0
2026-08-22T22:21:35.092Z,7.356,0,0,0,2,0,0,0.0,0.0
2026-08-22T22:21:35.103Z,7.367,0,0,0,3,0,0,0.0,0.0
2026-08-22T22:21:35.123Z,7.387,0,0,0,4,0,0,0.0,0.0
2026-08-22T22:21:35.123Z,7.387,0,0,0,5,0,0,0.0,0.0
2026-08-22T22:21:35.134Z,7.398,0,0,0,0,0,0,0.0,0.0
2026-08-22T22:21:35.155Z,7.419,0,0,0,1,0,0,0.0,0.0
2026-08-22T22:21:35.155Z,7.419,0,0,0,2,0,0,0.0,0.0
2026-08-22T22:21:35.166Z,7.43,0,0,0,3,0,0,0.0,0.0
2026-08-22T22:21:35.187Z,7.451,0,0,0,4,0,0,0.0,0.0
2026-08-22T22:21:35.187Z,7.451,0,0,0,5,0,0,0.0,0.0
2026-08-22T22:21:35.197Z,7.461,0,0,0,0,0,0,0.0,0.0
2026-08-22T22:21:35.218Z,7.482,0,0,0,1,0,0,0.0,0.0
2026-08-22T22:21:35.218Z,7.482,0,0,0,2,0,0,0.0,0.0
2026-08-22T22:21:35.228Z,7.492,0,0,0,3,0,0,0.0,0.0
2026-08-22T22:21:35.249Z,7.513,0,0,0,4,0,0,0.0,0.0
2026-08-22T22:21:35.249Z,7.513,0,0,0,5,0,0,0.0,0.0
2026-08-22T22:21:35.260Z,7.524,0,0,0,0,0,0,0.0,0.0
2026-08-22T22:21:35.280Z,7.544,0,0,0,1,0,0,0.0,0.0
2026-08-22T22:21:35.280Z,7.544,0,0,0,2,0,0,0.0,0.0
2026-08-22T22:21:35.291Z,7.555,0,0,0,3,0,0,0.0,0.0
2026-08-22T22:21:35.312Z,7.576,0,0,0,4,0,0,0.0,0.0
2026-08-22T22:21:35.312Z,7.576,0,0,0,5,0,0,0.0,0.0
2026-08-22T22:21:35.323Z,7.587,0,0,0,0,0,0,0.0,0.0
2026-08-22T22:21:35.343Z,7.607,0,0,0,1,0,0,0.0,0.0
2026-08-22T22:21:35.343Z,7.607,0,0,0,2,0,0,0.0,0.0
2026-08-22T22:21:35.354Z,7.618,0,0,0,3,0,0,0.0,0.0
2026-08-22T22:21:35.374Z,7.638,0,0,0,4,0,0,0.0,0.0
2026-08-22T22:21:35.375Z,7.639,0,0,0,5,0,0,0.0,0.0
2026-08-22T22:21:35.386Z,7.65,0,0,0,0,0,0,0.0,0.0
2026-08-22T22:21:35.407Z,7.671,0,0,0,1,0,0,0.0,0.0
2026-08-22T22:21:35.407Z,7.671,0,0,0,2,0,0,0.0,0.0
2026-08-22T22:21:35.417Z,7.681,0,0,0,3,0,0,0.0,0.0
2026-08-22T22:21:35.438Z,7.702,0,0,0,4,0,0,0.0,0.0
2026-08-22T22:21:35.438Z,7.702,0,0,0,5,0,0,0.0,0.0
2026-08-22T22:21:35.449Z,7.713,0,0,0,0,0,0,0.0,0.0
2026-08-22T22:21:35.470Z,7.734,0,0,0,1,0,0,0.0,0.0
2026-08-22T22:21:35.470Z,7.734,0,0,0,2,0,0,0.0,0.0
2026-08-22T22:21:35.481Z,7.745,0,0,0,3,0,0,0.0,0.0
2026-08-22T22:21:35.486Z,7.75,0,0,0,4,0,0,0.0,0.0
2026-08-22T22:21:35.500Z,7.764,0,0,0,5,0,0,0.0,0.0
2026-08-22T22:21:35.510Z,7.774,0,0,0,0,0,0,0.0,0.0
2026-08-22T22:21:35.530Z,7.794,0,0,0,1,0,0,0.0,0.0
2026-08-22T22:21:35.530Z,7.794,0,0,0,2,0,0,0.0,0.0
2026-08-22T22:21:35.541Z,7.805,0,0,0,3,0,0,0.0,0.0
2026-08-22T22:21:35.562Z,7.826,0,0,0,4,0,0,0.0,0.0
2026-08-22T22:21:35.562Z,7.826,0,0,0,5,0,0,0.0,0.0
2026-08-22T22:21:35.572Z,7.836,0,0,0,0,0,0,0.0,0.0
2026-08-22T22:21:35.593Z,7.857,0,0,0,1,0,0,0.0,0.0
2026-08-22T22:21:35.593Z,7.857,0,0,0,2,0,0,0.0,0.0
2026-08-22T22:21:35.603Z,7.867,0,0,0,3,0,0,0.0,0.0
2026-08-22T22:21:35.624Z,7.888,0,0,0,4,0,0,0.0,0.0
2026-08-22T22:21:35.624Z,7.888,0,0,0,5,0,0,0.0,0.0
2026-08-22T22:21:35.635Z,7.899,0,0,0,0,0,0,0.0,0.0
2026-08-22T22:21:35.655Z,7.919,0,0,0,1,0,0,0.0,0.0
2026-08-22T22:21:35.655Z,7.919,0,0,0,2,0,0,0.0,0.0
2026-08-22T22:21:35.666Z,7.93,0,0,0,3,0,0,0.0,0.0
2026-08-22T22:21:35.686Z,7.95,0,0,0,4,0,0,0.0,0.0
2026-08-22T22:21:35.686Z,7.95,0,0,0,5,0,0,0.0,0.0
2026-08-22T22:21:35.697Z,7.961,0,0,0,0,0,0,0.0,0.0
2026-08-22T22:21:35.718Z,7.982,0,0,0,1,0,0,0.0,0.0
2026-08-22T22:21:35.718Z,7.982,0,0,0,2,0,0,0.0,0.0
2026-08-22T22:21:35.728Z,7.992,0,0,0,3,0,0,0.0,0.0
2026-08-22T22:21:35.749Z,8.013,0,0,0,4,0,0,0.0,0.0
2026-08-22T22:21:35.749Z,8.013,0,0,0,5,0,0,0.0,0.0
2026-08-22T22:21:35.760Z,8.024,0,0,0,0,0,0,0.0,0.0
2026-08-22T22:21:35.780Z,8.044,0,0,0,1,0,0,0.0,0.0
2026-08-22T22:21:35.780Z,8.044,0,0,0,2,0,0,0.0,0.0
2026-08-22T22:21:35.791Z,8.055,0,0,0,3,0,0,0.0,0.0
2026-08-22T22:21:35.812Z,8.076,0,0,0,4,0,0,0.0,0.0
2026-08-22T22:21:35.812Z,8.076,0,0,0,5,0,0,0.0,0.0
2026-08-22T22:21:35.823Z,8.087,0,0,0,0,0,0,0.0,0.0
2026-08-22T22:21:35.844Z,8.108,0,0,0,1,0,0,0.0,0.0
2026-08-22T22:21:35.844Z,8.108,0,0,0,2,0,0,0.0,0.0
2026-08-22T22:21:35.854Z,8.118,0,0,0,3,0,0,0.0,0.0
2026-08-22T22:21:35.875Z,8.139,0,0,0,4,0,0,0.0,0.0
2026-08-22T22:21:35.875Z,8.139,0,0,0,5,0,0,0.0,0.0
2026-08-22T22:21:35.885Z,8.149,0,0,0,0,0,0,0.0,0.0
2026-08-22T22:21:35.906Z,8.17,0,0,0,1,0,0,0.0,0.0
2026-08-22T22:21:35.906Z,8.17,0,0,0,2,0,0,0.0,0.0
2026-08-22T22:21:35.917Z,8.181,0,0,0,3,0,0,0.0,0.0
2026-08-22T22:21:35.937Z,8.201,0,0,0,4,0,0,0.0,0.0
2026-08-22T22:21:35.937Z,8.201,0,0,0,5,0,0,0.0,0.0
2026-08-22T22:21:35.948Z,8.212,0,0,0,0,0,0,0.0,0.0
2026-08-22T22:21:35.969Z,8.233,0,0,0,1,0,0,0.0,0.0
2026-08-22T22:21:35.969Z,8.233,0,0,0,2,0,0,0.0,0.0
2026-08-22T22:21:35.980Z,8.244,0,0,0,3,0,0,0.0,0.0
2026-08-22T22:21:36.001Z,8.265,0,0,0,4,0,0,0.0,0.0
2026-08-22T22:21:36.001Z,8.265,0,0,0,5,0,0,0.0,0.0
2026-08-22T22:21:36.012Z,8.276,0,0,0,0,0,0,0.0,0.0
2026-08-22T22:21:36.016Z,8.28,0,0,0,1,0,0,0.0,0.0
2026-08-22T22:21:36.030Z,8.294,0,0,0,2,0,0,0.0,0.0
2026-08-22T22:21:36.040Z,8.304,0,0,0,3,0,0,0.0,0.0
2026-08-22T22:21:36.059Z,8.323,0,0,0,4,0,0,0.0,0.0
2026-08-22T22:21:36.059Z,8.323,0,0,0,5,0,0,0.0,0.0
2026-08-22T22:21:36.070Z,8.334,0,0,0,0,0,0,0.0,0.0
2026-08-22T22:21:36.091Z,8.355,0,0,0,1,0,0,0.0,0.0
2026-08-22T22:21:36.091Z,8.355,0,0,0,2,0,0,0.0,0.0
2026-08-22T22:21:36.102Z,8.366,0,0,0,3,0,0,0.0,0.0
2026-08-22T22:21:36.123Z,8.387,0,0,0,4,0,0,0.0,0.0
2026-08-22T22:21:36.123Z,8.387,0,0,0,5,0,0,0.0,0.0
2026-08-22T22:21:36.133Z,8.397,0,0,0,0,0,0,0.0,0.0
2026-08-22T22:21:36.154Z,8.418,0,0,0,1,0,0,0.0,0.0
2026-08-22T22:21:36.154Z,8.418,0,0,0,2,0,0,0.0,0.0
2026-08-22T22:21:36.164Z,8.428,0,0,0,3,0,0,0.0,0.0
2026-08-22T22:21:36.185Z,8.449,0,0,0,4,0,0,0.0,0.0
2026-08-22T22:21:36.185Z,8.449,0,0,0,5,0,0,0.0,0.0
2026-08-22T22:21:36.196Z,8.46,0,0,0,0,0,0,0.0,0.0
2026-08-22T22:21:36.216Z,8.48,0,0,0,1,0,0,0.0,0.0
2026-08-22T22:21:36.217Z,8.481,0,0,0,2,0,0,0.0,0.0
2026-08-22T22:21:36.227Z,8.491,0,0,0,3,0,0,0.0,0.0
2026-08-22T22:21:36.248Z,8.512,0,0,0,4,0,0,0.0,0.0
2026-08-22T22:21:36.248Z,8.512,0,0,0,5,0,0,0.0,0.0
2026-08-22T22:21:36.259Z,8.523,0,0,0,0,0,0,0.0,0.0
2026-08-22T22:21:36.280Z,8.544,0,0,0,1,0,0,0.0,0.0
2026-08-22T22:21:36.280Z,8.544,0,0,0,2,0,0,0.0,0.0
2026-08-22T22:21:36.290Z,8.554,0,0,0,3,0,0,0.0,0.0
2026-08-22T22:21:36.311Z,8.575,0,0,0,4,0,0,0.0,0.0
2026-08-22T22:21:36.311Z,8.575,0,0,0,5,0,0,0.0,0.0
2026-08-22T22:21:36.322Z,8.586,0,0,0,0,0,0,0.0,0.0
2026-08-22T22:21:36.342Z,8.606,0,0,0,1,0,0,0.0,0.0
2026-08-22T22:21:36.342Z,8.606,0,0,0,2,0,0,0.0,0.0
2026-08-22T22:21:36.353Z,8.617,0,0,0,3,0,0,0.0,0.0
2026-08-22T22:21:36.374Z,8.638,0,0,0,4,0,0,0.0,0.0
2026-08-22T22:21:36.374Z,8.638,0,0,0,5,0,0,0.0,0.0
2026-08-22T22:21:36.384Z,8.648,0,0,0,0,0,0,0.0,0.0
2026-08-22T22:21:36.405Z,8.669,0,0,0,1,0,0,0.0,0.0
2026-08-22T22:21:36.405Z,8.669,0,0,0,2,0,0,0.0,0.0
2026-08-22T22:21:36.416Z,8.68,0,0,0,3,0,0,0.0,0.0
2026-08-22T22:21:36.436Z,8.7,0,0,0,4,0,0,0.0,0.0
2026-08-22T22:21:36.437Z,8.701,0,0,0,5,0,0,0.0,0.0
2026-08-22T22:21:36.447Z,8.711,0,0,0,0,0,0,0.0,0.0
2026-08-22T22:21:36.468Z,8.732,0,0,0,1,0,0,0.0,0.0
2026-08-22T22:21:36.468Z,8.732,0,0,0,2,0,0,0.0,0.0
2026-08-22T22:21:36.480Z,8.744,0,0,0,3,0,0,0.0,0.0
2026-08-22T22:21:36.501Z,8.765,0,0,0,4,0,0,0.0,0.0
2026-08-22T22:21:36.501Z,8.765,0,0,0,5,0,0,0.0,0.0
2026-08-22T22:21:36.511Z,8.775,0,0,0,0,0,0,0.0,0.0
2026-08-22T22:21:36.532Z,8.796,0,0,0,1,0,0,0.0,0.0
2026-08-22T22:21:36.533Z,8.797,0,0,0,2,0,0,0.0,0.0
2026-08-22T22:21:36.543Z,8.807,0,0,0,3,0,0,0.0,0.0
2026-08-22T22:21:36.549Z,8.813,0,0,0,4,0,0,0.0,0.0
2026-08-22T22:21:36.564Z,8.828,0,0,0,5,0,0,0.0,0.0
2026-08-22T22:21:36.574Z,8.838,0,0,0,0,0,0,0.0,0.0
2026-08-22T22:21:36.579Z,8.843,0,0,0,1,0,0,0.0,0.0
2026-08-22T22:21:36.593Z,8.857,0,0,0,2,0,0,0.0,0.0
2026-08-22T22:21:36.602Z,8.866,0,0,0,3,0,0,0.0,0.0
2026-08-22T22:21:36.621Z,8.885,0,0,0,4,0,0,0.0,0.0
2026-08-22T22:21:36.621Z,8.885,0,0,0,5,0,0,0.0,0.0
2026-08-22T22:21:36.632Z,8.896,0,0,0,0,0,0,0.0,0.0
2026-08-22T22:21:36.653Z,8.917,0,0,0,1,0,0,0.0,0.0
2026-08-22T22:21:36.653Z,8.917,0,0,0,2,0,0,0.0,0.0
2026-08-22T22:21:36.663Z,8.927,0,0,0,3,0,0,0.0,0.0
2026-08-22T22:21:36.684Z,8.948,0,0,0,4,0,0,0.0,0.0
2026-08-22T22:21:36.684Z,8.948,0,0,0,5,0,0,0.0,0.0
2026-08-22T22:21:36.695Z,8.959,0,0,0,0,0,0,0.0,0.0
2026-08-22T22:21:36.716Z,8.98,0,0,0,1,0,0,0.0,0.0
2026-08-22T22:21:36.716Z,8.98,0,0,0,2,0,0,0.0,0.0
2026-08-22T22:21:36.727Z,8.991,0,0,0,3,0,0,0.0,0.0
2026-08-22T22:21:36.747Z,9.011,0,0,0,4,0,0,0.0,0.0
2026-08-22T22:21:36.747Z,9.011,0,0,0,5,0,0,0.0,0.0
2026-08-22T22:21:36.758Z,9.022,0,0,0,0,0,0,0.0,0.0
2026-08-22T22:21:36.779Z,9.043,0,0,0,1,0,0,0.0,0.0
2026-08-22T22:21:36.779Z,9.043,0,0,0,2,0,0,0.0,0.0
2026-08-22T22:21:36.790Z,9.054,0,0,0,3,0,0,0.0,0.0
2026-08-22T22:21:36.811Z,9.075,0,0,0,4,0,0,0.0,0.0
2026-08-22T22:21:36.811Z,9.075,0,0,0,5,0,0,0.0,0.0
2026-08-22T22:21:36.822Z,9.086,0,0,0,0,0,0,0.0,0.0
2026-08-22T22:21:36.843Z,9.107,0,0,0,1,0,0,0.0,0.0
2026-08-22T22:21:36.843Z,9.107,0,0,0,2,0,0,0.0,0.0
2026-08-22T22:21:36.854Z,9.118,0,0,0,3,0,0,0.0,0.0
2026-08-22T22:21:36.875Z,9.139,0,0,0,4,0,0,0.0,0.0
2026-08-22T22:21:36.875Z,9.139,0,0,0,5,0,0,0.0,0.0
2026-08-22T22:21:36.886Z,9.15,0,0,0,0,0,0,0.0,0.0
2026-08-22T22:21:36.906Z,9.17,0,0,0,1,0,0,0.0,0.0
2026-08-22T22:21:36.906Z,9.17,0,0,0,2,0,0,0.0,0.0
2026-08-22T22:21:36.917Z,9.181,0,0,0,3,0,0,0.0,0.0
2026-08-22T22:21:36.937Z,9.201,0,0,0,4,0,0,0.0,0.0
2026-08-22T22:21:36.937Z,9.201,0,0,0,5,0,0,0.0,0.0
2026-08-22T22:21:36.948Z,9.212,0,0,0,0,0,0,0.0,0.0
2026-08-22T22:21:36.969Z,9.233,0,0,0,1,0,0,0.0,0.0
2026-08-22T22:21:36.969Z,9.233,0,0,0,2,0,0,0.0,0.0
2026-08-22T22:21:36.980Z,9.244,0,0,0,3,0,0,0.0,0.0
2026-08-22T22:21:37.001Z,9.265,0,0,0,4,0,0,0.0,0.0
2026-08-22T22:21:37.001Z,9.265,0,0,0,5,0,0,0.0,0.0
2026-08-22T22:21:37.012Z,9.276,0,0,0,0,0,0,0.0,0.0
2026-08-22T22:21:37.016Z,9.28,0,0,0,1,0,0,0.0,0.0
2026-08-22T22:21:37.031Z,9.295,0,0,0,2,0,0,0.0,0.0
2026-08-22T22:21:37.040Z,9.304,0,0,0,3,0,0,0.0,0.0
2026-08-22T22:21:37.058Z,9.322,0,0,0,4,0,0,0.0,0.0
2026-08-22T22:21:37.058Z,9.322,0,0,0,5,0,0,0.0,0.0
2026-08-22T22:21:37.070Z,9.334,0,0,0,0,0,0,0.0,0.0
2026-08-22T22:21:37.090Z,9.354,0,0,0,1,0,0,0.0,0.0
2026-08-22T22:21:37.090Z,9.354,0,0,0,2,0,0,0.0,0.0
2026-08-22T22:21:37.101Z,9.365,0,0,0,3,0,0,0.0,0.0
2026-08-22T22:21:37.122Z,9.386,0,0,0,4,0,0,0.0,0.0
2026-08-22T22:21:37.122Z,9.386,0,0,0,5,0,0,0.0,0.0
2026-08-22T22:21:37.133Z,9.397,0,0,0,0,0,0,0.0,0.0
2026-08-22T22:21:37.154Z,9.418,0,0,0,1,0,0,0.0,0.0
2026-08-22T22:21:37.154Z,9.418,0,0,0,2,0,0,0.0,0.0
2026-08-22T22:21:37.164Z,9.428,0,0,0,3,0,0,0.0,0.0
2026-08-22T22:21:37.185Z,9.449,0,0,0,4,0,0,0.0,0.0
2026-08-22T22:21:37.185Z,9.449,0,0,0,5,0,0,0.0,0.0
2026-08-22T22:21:37.196Z,9.46,0,0,0,0,0,0,0.0,0.0
2026-08-22T22:21:37.217Z,9.481,0,0,0,1,0,0,0.0,0.0
2026-08-22T22:21:37.217Z,9.481,0,0,0,2,0,0,0.0,0.0
2026-08-22T22:21:37.228Z,9.492,0,0,0,3,0,0,0.0,0.0
2026-08-22T22:21:37.249Z,9.513,0,0,0,4,0,0,0.0,0.0
2026-08-22T22:21:37.249Z,9.513,0,0,0,5,0,0,0.0,0.0
2026-08-22T22:21:37.259Z,9.523,0,0,0,0,0,0,0.0,0.0
2026-08-22T22:21:37.280Z,9.544,0,0,0,1,0,0,0.0,0.0
2026-08-22T22:21:37.280Z,9.544,0,0,0,2,0,0,0.0,0.0
2026-08-22T22:21:37.291Z,9.555,0,0,0,3,0,0,0.0,0.0
2026-08-22T22:21:37.312Z,9.576,0,0,0,4,0,0,0.0,0.0
2026-08-22T22:21:37.312Z,9.576,0,0,0,5,0,0,0.0,0.0
2026-08-22T22:21:37.323Z,9.587,0,0,0,0,0,0,0.0,0.0
2026-08-22T22:21:37.343Z,9.607,0,0,0,1,0,0,0.0,0.0
2026-08-22T22:21:37.343Z,9.607,0,0,0,2,0,0,0.0,0.0
2026-08-22T22:21:37.354Z,9.618,0,0,0,3,0,0,0.0,0.0
2026-08-22T22:21:37.374Z,9.638,0,0,0,4,0,0,0.0,0.0
2026-08-22T22:21:37.375Z,9.639,0,0,0,5,0,0,0.0,0.0
2026-08-22T22:21:37.385Z,9.649,0,0,0,0,0,0,0.0,0.0
2026-08-22T22:21:37.406Z,9.67,0,0,0,1,0,0,0.0,0.0
2026-08-22T22:21:37.406Z,9.67,0,0,0,2,0,0,0.0,0.0
2026-08-22T22:21:37.417Z,9.681,0,0,0,3,0,0,0.0,0.0
2026-08-22T22:21:37.438Z,9.702,0,0,0,4,0,0,0.0,0.0
2026-08-22T22:21:37.438Z,9.702,0,0,0,5,0,0,0.0,0.0
2026-08-22T22:21:37.449Z,9.713,0,0,0,0,0,0,0.0,0.0
2026-08-22T22:21:37.470Z,9.734,0,0,0,1,0,0,0.0,0.0
2026-08-22T22:21:37.470Z,9.734,0,0,0,2,0,0,0.0,0.0
2026-08-22T22:21:37.480Z,9.744,0,0,0,3,0,0,0.0,0.0
2026-08-22T22:21:37.501Z,9.765,0,0,0,4,0,0,0.0,0.0
2026-08-22T22:21:37.501Z,9.765,0,0,0,5,0,0,0.0,0.0
2026-08-22T22:21:37.512Z,9.776,0,0,0,0,0,0,0.0,0.0
2026-08-22T22:21:37.517Z,9.781,0,0,0,1,0,0,0.0,0.0
2026-08-22T22:21:37.531Z,9.795,0,0,0,2,0,0,0.0,0.0
2026-08-22T22:21:37.540Z,9.804,0,0,0,3,0,0,0.0,0.0
2026-08-22T22:21:37.558Z,9.822,0,0,0,4,0,0,0.0,0.0
2026-08-22T22:21:37.572Z,9.836,0,0,0,5,0,0,0.0,0.0
2026-08-22T22:21:37.580Z,9.844,0,0,0,0,0,0,0.0,0.0
2026-08-22T22:21:37.583Z,9.847,0,0,0,1,0,0,0.0,0.0
2026-08-22T22:21:37.596Z,9.86,0,0,0,2,0,0,0.0,0.0
2026-08-22T22:21:37.603Z,9.867,0,0,0,3,0,0,0.0,0.0
2026-08-22T22:21:37.619Z,9.883,0,0,0,4,0,0,0.0,0.0
2026-08-22T22:21:37.630Z,9.894,0,0,0,5,0,0,0.0,0.0
2026-08-22T22:21:37.636Z,9.9,0,0,0,0,0,0,0.0,0.0
2026-08-22T22:21:37.651Z,9.915,0,0,0,1,0,0,0.0,0.0
2026-08-22T22:21:37.660Z,9.924,0,0,0,2,0,0,0.0,0.0
2026-08-22T22:21:37.664Z,9.928,0,0,0,3,0,0,0.0,0.0
2026-08-22T22:21:37.678Z,9.942,0,0,0,4,0,0,0.0,0.0
2026-08-22T22:21:37.687Z,9.951,0,0,0,5,0,0,0.0,0.0
2026-08-22T22:21:37.689Z,9.953,0,0,0,0,0,0,0.0,0.0
2026-08-22T22:21:37.702Z,9.966,0,0,0,1,0,0,0.0,0.0
2026-08-22T22:21:37.709Z,9.973,0,0,0,2,0,0,0.0,0.0
2026-08-22T22:21:37.727Z,9.991,0,0,0,3,0,0,0.0,0.0
2026-08-22T22:21:37.738Z,10.002,0,0,0,4,0,0,0.0,0.0
2026-08-22T22:21:37.744Z,10.008,0,0,0,5,0,0,0.0,0.0
2026-08-22T22:21:37.760Z,10.024,0,0,0,0,0,0,0.0,0.0
2026-08-22T22:21:37.771Z,10.035,0,0,0,1,0,0,0.0,0.0
2026-08-22T22:21:37.776Z,10.04,0,0,0,2,0,0,0.0,0.0
2026-08-22T22:21:37.791Z,10.055,0,0,0,3,0,0,0.0,0.0
2026-08-22T22:21:37.800Z,10.064,0,0,0,4,0,0,0.0,0.0
2026-08-22T22:21:37.803Z,10.067,0,0,0,5,0,0,0.0,0.0
2026-08-22T22:21:37.817Z,10.081,0,0,0,0,0,0,0.0,0.0
2026-08-22T22:21:37.825Z,10.089,0,0,0,1,0,0,0.0,0.0
2026-08-22T22:21:37.827Z,10.091,0,0,0,2,0,0,0.0,0.0
2026-08-22T22:21:37.840Z,10.104,0,0,0,3,0,0,0.0,0.0
2026-08-22T22:21:37.862Z,10.126,0,0,0,4,0,0,0.0,0.0
2026-08-22T22:21:37.863Z,10.127,0,0,0,5,0,0,0.0,0.0
2026-08-22T22:21:37.874Z,10.138,0,0,0,0,0,0,0.0,0.0
2026-08-22T22:21:37.880Z,10.144,0,0,0,1,0,0,0.0,0.0
2026-08-22T22:21:37.896Z,10.16,0,0,0,2,0,0,0.0,0.0
2026-08-22T22:21:37.905Z,10.169,0,0,0,3,0,0,0.0,0.0
2026-08-22T22:21:37.909Z,10.173,0,0,0,4,0,0,0.0,0.0
2026-08-22T22:21:37.923Z,10.187,0,0,0,5,0,0,0.0,0.0
2026-08-22T22:21:37.931Z,10.195,0,0,0,0,0,0,0.0,0.0
2026-08-22T22:21:37.950Z,10.214,0,0,0,1,0,0,0.0,0.0
2026-08-22T22:21:37.950Z,10.214,0,0,0,2,0,0,0.0,0.0
2026-08-22T22:21:37.961Z,10.225,0,0,0,3,0,0,0.0,0.0
2026-08-22T22:21:37.982Z,10.246,0,0,0,4,0,0,0.0,0.0
2026-08-22T22:21:37.982Z,10.246,0,0,0,5,0,0,0.0,0.0
2026-08-22T22:21:37.993Z,10.257,0,0,0,0,0,0,0.0,0.0
2026-08-22T22:21:38.014Z,10.278,0,0,0,1,0,0,0.0,0.0
2026-08-22T22:21:38.014Z,10.278,0,0,0,2,0,0,0.0,0.0
2026-08-22T22:21:38.025Z,10.289,0,0,0,3,0,0,0.0,0.0
2026-08-22T22:21:38.045Z,10.309,0,0,0,4,0,0,0.0,0.0
2026-08-22T22:21:38.045Z,10.309,0,0,0,5,0,0,0.0,0.0
2026-08-22T22:21:38.056Z,10.32,0,0,0,0,0,0,0.0,0.0
2026-08-22T22:21:38.076Z,10.34,0,0,0,1,0,0,0.0,0.0
2026-08-22T22:21:38.076Z,10.34,0,0,0,2,0,0,0.0,0.0
2026-08-22T22:21:38.087Z,10.351,0,0,0,3,0,0,0.0,0.0
2026-08-22T22:21:38.108Z,10.372,0,0,0,4,0,0,0.0,0.0
2026-08-22T22:21:38.108Z,10.372,0,0,0,5,0,0,0.0,0.0
2026-08-22T22:21:38.119Z,10.383,0,0,0,0,0,0,0.0,0.0
2026-08-22T22:21:38.139Z,10.403,0,0,0,1,0,0,0.0,0.0
2026-08-22T22:21:38.139Z,10.403,0,0,0,2,0,0,0.0,0.0
2026-08-22T22:21:38.149Z,10.413,0,0,0,3,0,0,0.0,0.0
2026-08-22T22:21:38.170Z,10.434,0,0,0,4,0,0,0.0,0.0
2026-08-22T22:21:38.170Z,10.434,0,0,0,5,0,0,0.0,0.0
2026-08-22T22:21:38.180Z,10.444,0,0,0,0,0,0,0.0,0.0
2026-08-22T22:21:38.201Z,10.465,0,0,0,1,0,0,0.0,0.0
2026-08-22T22:21:38.201Z,10.465,0,0,0,2,0,0,0.0,0.0
2026-08-22T22:21:38.212Z,10.476,0,0,0,3,0,0,0.0,0.0
2026-08-22T22:21:38.232Z,10.496,0,0,0,4,0,0,0.0,0.0
2026-08-22T22:21:38.232Z,10.496,0,0,0,5,0,0,0.0,0.0
2026-08-22T22:21:38.243Z,10.507,0,0,0,0,0,0,0.0,0.0
2026-08-22T22:21:38.264Z,10.528,0,0,0,1,0,0,0.0,0.0
2026-08-22T22:21:38.264Z,10.528,0,0,0,2,0,0,0.0,0.0
2026-08-22T22:21:38.275Z,10.539,0,0,0,3,0,0,0.0,0.0
2026-08-22T22:21:38.297Z,10.561,0,0,0,4,0,0,0.0,0.0
2026-08-22T22:21:38.297Z,10.561,0,0,0,5,0,0,0.0,0.0
2026-08-22T22:21:38.308Z,10.572,0,0,0,0,0,0,0.0,0.0
2026-08-22T22:21:38.329Z,10.593,0,0,0,1,0,0,0.0,0.0
2026-08-22T22:21:38.329Z,10.593,0,0,0,2,0,0,0.0,0.0
2026-08-22T22:21:38.339Z,10.603,0,0,0,3,0,0,0.0,0.0
2026-08-22T22:21:38.360Z,10.624,0,0,0,4,0,0,0.0,0.0
2026-08-22T22:21:38.360Z,10.624,0,0,0,5,0,0,0.0,0.0
2026-08-22T22:21:38.371Z,10.635,0,0,0,0,0,0,0.0,0.0
2026-08-22T22:21:38.377Z,10.641,0,0,0,1,0,0,0.0,0.0
2026-08-22T22:21:38.392Z,10.656,0,0,0,2,0,0,0.0,0.0
2026-08-22T22:21:38.401Z,10.665,0,0,0,3,0,0,0.0,0.0
2026-08-22T22:21:38.422Z,10.686,0,0,0,4,0,0,0.0,0.0
2026-08-22T22:21:38.422Z,10.686,0,0,0,5,0,0,0.0,0.0
2026-08-22T22:21:38.433Z,10.697,0,0,0,0,0,0,0.0,0.0
2026-08-22T22:21:38.454Z,10.718,0,0,0,1,0,0,0.0,0.0
2026-08-22T22:21:38.454Z,10.718,0,0,0,2,0,0,0.0,0.0
2026-08-22T22:21:38.465Z,10.729,0,0,0,3,0,0,0.0,0.0
2026-08-22T22:21:38.485Z,10.749,0,0,0,4,0,0,0.0,0.0
2026-08-22T22:21:38.485Z,10.749,0,0,0,5,0,0,0.0,0.0
2026-08-22T22:21:38.496Z,10.76,0,0,0,0,0,0,0.0,0.0
2026-08-22T22:21:38.517Z,10.781,0,0,0,1,0,0,0.0,0.0
2026-08-22T22:21:38.517Z,10.781,0,0,0,2,0,0,0.0,0.0
2026-08-22T22:21:38.527Z,10.791,0,0,0,3,0,0,0.0,0.0
2026-08-22T22:21:38.532Z,10.796,0,0,0,4,0,0,0.0,0.0
2026-08-22T22:21:38.547Z,10.811,0,0,0,5,0,0,0.0,0.0
2026-08-22T22:21:38.557Z,10.821,0,0,0,0,0,0,0.0,0.0
2026-08-22T22:21:38.577Z,10.841,0,0,0,1,0,0,0.0,0.0
2026-08-22T22:21:38.577Z,10.841,0,0,0,2,0,0,0.0,0.0
2026-08-22T22:21:38.588Z,10.852,0,0,0,3,0,0,0.0,0.0
2026-08-22T22:21:38.609Z,10.873,0,0,0,4,0,0,0.0,0.0
2026-08-22T22:21:38.609Z,10.873,0,0,0,5,0,0,0.0,0.0
2026-08-22T22:21:38.620Z,10.884,0,0,0,0,0,0,0.0,0.0
2026-08-22T22:21:38.640Z,10.904,0,0,0,1,0,0,0.0,0.0
2026-08-22T22:21:38.640Z,10.904,0,0,0,2,0,0,0.0,0.0
2026-08-22T22:21:38.651Z,10.915,0,0,0,3,0,0,0.0,0.0
2026-08-22T22:21:38.671Z,10.935,0,0,0,4,0,0,0.0,0.0
2026-08-22T22:21:38.671Z,10.935,0,0,0,5,0,0,0.0,0.0
2026-08-22T22:21:38.682Z,10.946,0,0,0,0,0,0,0.0,0.0
2026-08-22T22:21:38.703Z,10.967,0,0,0,1,0,0,0.0,0.0
2026-08-22T22:21:38.703Z,10.967,0,0,0,2,0,0,0.0,0.0
2026-08-22T22:21:38.713Z,10.977,0,0,0,3,0,0,0.0,0.0
2026-08-22T22:21:38.734Z,10.998,0,0,0,4,0,0,0.0,0.0
2026-08-22T22:21:38.734Z,10.998,0,0,0,5,0,0,0.0,0.0
2026-08-22T22:21:38.745Z,11.009,0,0,0,0,0,0,0.0,0.0
2026-08-22T22:21:38.766Z,11.03,0,0,0,1,0,0,0.0,0.0
2026-08-22T22:21:38.766Z,11.03,0,0,0,2,0,0,0.0,0.0
2026-08-22T22:21:38.777Z,11.041,0,0,0,3,0,0,0.0,0.0
2026-08-22T22:21:38.797Z,11.061,0,0,0,4,0,0,0.0,0.0
2026-08-22T22:21:38.797Z,11.061,0,0,0,5,0,0,0.0,0.0
2026-08-22T22:21:38.808Z,11.072,0,0,0,0,0,0,0.0,0.0
2026-08-22T22:21:38.829Z,11.093,0,0,0,1,0,0,0.0,0.0
2026-08-22T22:21:38.829Z,11.093,0,0,0,2,0,0,0.0,0.0
2026-08-22T22:21:38.840Z,11.104,0,0,0,3,0,0,0.0,0.0
2026-08-22T22:21:38.844Z,11.108,0,0,0,4,0,0,0.0,0.0
2026-08-22T22:21:38.859Z,11.123,0,0,0,5,0,0,0.0,0.0
2026-08-22T22:21:38.868Z,11.132,0,0,0,0,0,0,0.0,0.0
